title,price,location,time,status,url
석유 난로,"30,000원",둔산동,끌올 55분 전,판매중,https://www.daangn.com/kr/buy-sell/%EC%84%9D%EC%9C%A0-%EB%82%9C%EB%A1%9C-86we3awpp7pi/
새상품 별의 커비 2단 서랍 액세서리 보관함,"16,000원",둔산동,끌올 57분 전,판매중,https://www.daangn.com/kr/buy-sell/%EC%83%88%EC%83%81%ED%92%88-%EB%B3%84%EC%9D%98-%EC%BB%A4%EB%B9%84-2%EB%8B%A8-%EC%84%9C%EB%9E%8D-%EC%95%A1%EC%84%B8%EC%84%9C%EB%A6%AC-%EB%B3%B4%EA%B4%80%ED%95%A8-p1mdt7qo844u/
별의 커비 얼굴 인형 키링 파우치 새상품,"13,000원",둔산동,끌올 57분 전,판매중,https://www.daangn.com/kr/buy-sell/%EB%B3%84%EC%9D%98-%EC%BB%A4%EB%B9%84-%EC%96%BC%EA%B5%B4-%EC%9D%B8%ED%98%95-%ED%82%A4%EB%A7%81-%ED%8C%8C%EC%9A%B0%EC%B9%98-%EC%83%88%EC%83%81%ED%92%88-jd7h5o1vdbf5/
새상품 별의 커비 대형 인형 46cm,"14,000원",둔산동,끌올 57분 전,판매중,https://www.daangn.com/kr/buy-sell/%EC%83%88%EC%83%81%ED%92%88-%EB%B3%84%EC%9D%98-%EC%BB%A4%EB%B9%84-%EB%8C%80%ED%98%95-%EC%9D%B8%ED%98%95-46cm-xqyyzuq4gjfy/
닌텐도 DS/3DS 게임칩 모음,"18,000원",둔산동,끌올 58분 전,판매중,https://www.daangn.com/kr/buy-sell/%EB%8B%8C%ED%85%90%EB%8F%84-ds-3ds-%EA%B2%8C%EC%9E%84%EC%B9%A9-%EB%AA%A8%EC%9D%8C-ct98zafgcnb6/
씽크빅 영어 그림책 모음,"10,000원",둔산동,59분 전,판매중,https://www.daangn.com/kr/buy-sell/%EC%94%BD%ED%81%AC%EB%B9%85-%EC%98%81%EC%96%B4-%EA%B7%B8%EB%A6%BC%EC%B1%85-%EB%AA%A8%EC%9D%8C-n9nxnd1naqpp/
꿈돌이 명품김(설선물용으로 좋아요),"14,000원",둔산동,60분 전,판매중,https://www.daangn.com/kr/buy-sell/%EA%BF%88%EB%8F%8C%EC%9D%B4-%EB%AA%85%ED%92%88%EA%B9%80-%EC%84%A4%EC%84%A0%EB%AC%BC%EC%9A%A9%EC%9C%BC%EB%A1%9C-%EC%A2%8B%EC%95%84%EC%9A%94-2gfj9h7i1xjj/
240 운동화,"5,000원",둔산동,1시간 전,판매중,https://www.daangn.com/kr/buy-sell/240-%EC%9A%B4%EB%8F%99%ED%99%94-xk2txbhj4wpm/
노바리빙 규조토 사각 우산꽂이 블랙,"13,000원",둔산동,1시간 전,판매중,https://www.daangn.com/kr/buy-sell/%EB%85%B8%EB%B0%94%EB%A6%AC%EB%B9%99-%EA%B7%9C%EC%A1%B0%ED%86%A0-%EC%82%AC%EA%B0%81-%EC%9A%B0%EC%82%B0%EA%BD%82%EC%9D%B4-%EB%B8%94%EB%9E%99-uwzop81y7rog/
주식 투자 서적 2권 세트,"6,000원",둔산동,1시간 전,판매중,https://www.daangn.com/kr/buy-sell/%EC%A3%BC%EC%8B%9D-%ED%88%AC%EC%9E%90-%EC%84%9C%EC%A0%81-2%EA%B6%8C-%EC%84%B8%ED%8A%B8-yb5nrkj47dmk/
제주맘 흑돼지 소시지 떡갈비 선물세트,"30,000원",둔산동,1시간 전,판매중,https://www.daangn.com/kr/buy-sell/%EC%A0%9C%EC%A3%BC%EB%A7%98-%ED%9D%91%EB%8F%BC%EC%A7%80-%EC%86%8C%EC%8B%9C%EC%A7%80-%EB%96%A1%EA%B0%88%EB%B9%84-%EC%84%A0%EB%AC%BC%EC%84%B8%ED%8A%B8-46edphso8kh8/
정관장 황진단 3환,"62,000원",둔산동,1시간 전,판매중,https://www.daangn.com/kr/buy-sell/%EC%A0%95%EA%B4%80%EC%9E%A5-%ED%99%A9%EC%A7%84%EB%8B%A8-3%ED%99%98-4c1y1esb7aie/
메종 마르지엘라 5AC 블랙 스몰 가방,"550,000원",둔산동,끌올 1시간 전,판매중,https://www.daangn.com/kr/buy-sell/%EB%A9%94%EC%A2%85-%EB%A7%88%EB%A5%B4%EC%A7%80%EC%97%98%EB%9D%BC-5ac-%EB%B8%94%EB%9E%99-%EC%8A%A4%EB%AA%B0-%EA%B0%80%EB%B0%A9-3vaoay2h7iw3/
생로랑 YSL 블랙 클러치,"320,000원",둔산동,끌올 1시간 전,판매중,https://www.daangn.com/kr/buy-sell/%EC%83%9D%EB%A1%9C%EB%9E%91-ysl-%EB%B8%94%EB%9E%99-%ED%81%B4%EB%9F%AC%EC%B9%98-5n1xnedb1e85/
EzCook 컨벡션 오븐,"10,000원",둔산동,1시간 전,판매중,https://www.daangn.com/kr/buy-sell/ezcook-%EC%BB%A8%EB%B2%A1%EC%85%98-%EC%98%A4%EB%B8%90-3t9qnnxrr3jy/
코닥 미니샷3 레트로 C300R 옐로우 + 카메라 가방 + 필름 130매,"180,000원",둔산동,끌올 1시간 전,판매중,https://www.daangn.com/kr/buy-sell/%EC%BD%94%EB%8B%A5-%EB%AF%B8%EB%8B%88%EC%83%B73-%EB%A0%88%ED%8A%B8%EB%A1%9C-c300r-%EC%98%90%EB%A1%9C%EC%9A%B0-%EC%B9%B4%EB%A9%94%EB%9D%BC-%EA%B0%80%EB%B0%A9-%ED%95%84%EB%A6%84-130%EB%A7%A4-jc16yez8a532/
샤넬 자개 로고 펄핑크 동그리 백,"2,300,000원",둔산동,끌올 1시간 전,판매중,https://www.daangn.com/kr/buy-sell/%EC%83%A4%EB%84%AC-%EC%9E%90%EA%B0%9C-%EB%A1%9C%EA%B3%A0-%ED%8E%84%ED%95%91%ED%81%AC-%EB%8F%99%EA%B7%B8%EB%A6%AC-%EB%B0%B1-u2x2rrbvf8bg/
타보 미니스트라이크 베이지(25년 9월구매),"170,000원",둔산동,끌올 1시간 전,판매중,https://www.daangn.com/kr/buy-sell/%ED%83%80%EB%B3%B4-%EB%AF%B8%EB%8B%88%EC%8A%A4%ED%8A%B8%EB%9D%BC%EC%9D%B4%ED%81%AC-%EB%B2%A0%EC%9D%B4%EC%A7%80-25%EB%85%84-9%EC%9B%94%EA%B5%AC%EB%A7%A4-tbigqdnrv16h/
주식 투자 관련 책 모음,"5,000원",둔산동,1시간 전,판매중,https://www.daangn.com/kr/buy-sell/%EC%A3%BC%EC%8B%9D-%ED%88%AC%EC%9E%90-%EA%B4%80%EB%A0%A8-%EC%B1%85-%EB%AA%A8%EC%9D%8C-irc453u2mku4/
스크럽클리닝 수세미 미사용3개입,"3,000원",둔산동,1시간 전,판매중,https://www.daangn.com/kr/buy-sell/%EC%8A%A4%ED%81%AC%EB%9F%BD%ED%81%B4%EB%A6%AC%EB%8B%9D-%EC%88%98%EC%84%B8%EB%AF%B8-%EB%AF%B8%EC%82%AC%EC%9A%A93%EA%B0%9C%EC%9E%85-8zjqdduh8psi/
반스 올드스쿨 아기신발 115mm (125mm),"6,000원",둔산동,끌올 1시간 전,판매중,https://www.daangn.com/kr/buy-sell/%EB%B0%98%EC%8A%A4-%EC%98%AC%EB%93%9C%EC%8A%A4%EC%BF%A8-%EC%95%84%EA%B8%B0%EC%8B%A0%EB%B0%9C-115mm-125mm-e1rkagszp16u/
컬러풀 RTX 3060 BATTLEAX 8GB,"100,000원",둔산동,1시간 전,판매중,https://www.daangn.com/kr/buy-sell/%EC%BB%AC%EB%9F%AC%ED%92%80-rtx-3060-battleax-8gb-1d4ct7saku1w/
아기 겨울옷 100사이즈 두벌,"2,000원",둔산동,1시간 전,판매중,https://www.daangn.com/kr/buy-sell/%EC%95%84%EA%B8%B0-%EA%B2%A8%EC%9A%B8%EC%98%B7-100%EC%82%AC%EC%9D%B4%EC%A6%88-%EB%91%90%EB%B2%8C-nfka722ita1d/
얀 반 하위쉼 꽃 그림 앤틱 액자,"70,000원",둔산동,1시간 전,판매중,https://www.daangn.com/kr/buy-sell/%EC%96%80-%EB%B0%98-%ED%95%98%EC%9C%84%EC%89%BC-%EA%BD%83-%EA%B7%B8%EB%A6%BC-%EC%95%A4%ED%8B%B1-%EC%95%A1%EC%9E%90-2k3epd3gy3xv/
셀마 알토 색소폰 마우스피스 S80 E,"70,000원",둔산동,1시간 전,판매중,https://www.daangn.com/kr/buy-sell/%EC%85%80%EB%A7%88-%EC%95%8C%ED%86%A0-%EC%83%89%EC%86%8C%ED%8F%B0-%EB%A7%88%EC%9A%B0%EC%8A%A4%ED%94%BC%EC%8A%A4-s80-e-a1e59o35mkux/
검정 운동화 240ㅡ245,"5,000원",둔산동,1시간 전,판매중,https://www.daangn.com/kr/buy-sell/%EA%B2%80%EC%A0%95-%EC%9A%B4%EB%8F%99%ED%99%94-240-245-krydry4ekq68/
설화수 남성 본윤 5종 세트,"50,000원",둔산동,1시간 전,판매중,https://www.daangn.com/kr/buy-sell/%EC%84%A4%ED%99%94%EC%88%98-%EB%82%A8%EC%84%B1-%EB%B3%B8%EC%9C%A4-5%EC%A2%85-%EC%84%B8%ED%8A%B8-i15rhje4h9d6/
아임낫어휴먼비잉 MA-1 항공 봄버 자켓,"30,000원",둔산동,1시간 전,판매중,https://www.daangn.com/kr/buy-sell/%EC%95%84%EC%9E%84%EB%82%AB%EC%96%B4%ED%9C%B4%EB%A8%BC%EB%B9%84%EC%9E%89-ma-1-%ED%95%AD%EA%B3%B5-%EB%B4%84%EB%B2%84-%EC%9E%90%EC%BC%93-x22866q3mvjd/
스타벅스 사이렌 로고 머그컵 2개,"18,000원",둔산동,1시간 전,판매중,https://www.daangn.com/kr/buy-sell/%EC%8A%A4%ED%83%80%EB%B2%85%EC%8A%A4-%EC%82%AC%EC%9D%B4%EB%A0%8C-%EB%A1%9C%EA%B3%A0-%EB%A8%B8%EA%B7%B8%EC%BB%B5-2%EA%B0%9C-d4hihdr3daik/
베루툼 버킷햇,"40,000원",둔산동,끌올 1시간 전,판매중,https://www.daangn.com/kr/buy-sell/%EB%B2%A0%EB%A3%A8%ED%88%BC-%EB%B2%84%ED%82%B7%ED%96%87-b7ze4c3dh6s7/
SKT A175 키즈폰 특가 / 현금 0원,10원,둔산동,끌올 1시간 전,판매중,https://www.daangn.com/kr/buy-sell/skt-a175-%ED%82%A4%EC%A6%88%ED%8F%B0-%ED%8A%B9%EA%B0%80-%ED%98%84%EA%B8%88-0%EC%9B%90-bboy395h4kk7/
포카리스웨트 유리병 인테리어 소품,"40,000원",둔산동,끌올 1시간 전,판매중,https://www.daangn.com/kr/buy-sell/%ED%8F%AC%EC%B9%B4%EB%A6%AC%EC%8A%A4%EC%9B%A8%ED%8A%B8-%EC%9C%A0%EB%A6%AC%EB%B3%91-%EC%9D%B8%ED%85%8C%EB%A6%AC%EC%96%B4-%EC%86%8C%ED%92%88-do9oduksu73o/
송지오옴므 토이스토리 그린 볼캡,"87,000원",둔산동,끌올 1시간 전,판매중,https://www.daangn.com/kr/buy-sell/%EC%86%A1%EC%A7%80%EC%98%A4%EC%98%B4%EB%AF%80-%ED%86%A0%EC%9D%B4%EC%8A%A4%ED%86%A0%EB%A6%AC-%EA%B7%B8%EB%A6%B0-%EB%B3%BC%EC%BA%A1-iski9mru4oxo/
케이팝데몬헌터즈 케데헌 루미 아크릴 키링,"10,000원",둔산동,끌올 1시간 전,판매중,https://www.daangn.com/kr/buy-sell/%EC%BC%80%EC%9D%B4%ED%8C%9D%EB%8D%B0%EB%AA%AC%ED%97%8C%ED%84%B0%EC%A6%88-%EC%BC%80%EB%8D%B0%ED%97%8C-%EB%A3%A8%EB%AF%B8-%EC%95%84%ED%81%AC%EB%A6%B4-%ED%82%A4%EB%A7%81-gvrmkyh5zrro/
아디다스 맨투맨 새상품,"20,000원",둔산동,끌올 1시간 전,판매중,https://www.daangn.com/kr/buy-sell/%EC%95%84%EB%94%94%EB%8B%A4%EC%8A%A4-%EB%A7%A8%ED%88%AC%EB%A7%A8-%EC%83%88%EC%83%81%ED%92%88-tebgq72npg7k/
블랙 조거 팬츠,"7,000원",둔산동,끌올 1시간 전,판매중,https://www.daangn.com/kr/buy-sell/%EB%B8%94%EB%9E%99-%EC%A1%B0%EA%B1%B0-%ED%8C%AC%EC%B8%A0-14ssyrnsmiuk/
마크곤잘레스(와릿이즌) S 가디건,"10,000원",둔산동,끌올 1시간 전,판매중,https://www.daangn.com/kr/buy-sell/%EB%A7%88%ED%81%AC%EA%B3%A4%EC%9E%98%EB%A0%88%EC%8A%A4-%EC%99%80%EB%A6%BF%EC%9D%B4%EC%A6%8C-s-%EA%B0%80%EB%94%94%EA%B1%B4-wfwdkuyq6gyf/
배드민턴 테크니스트 경기복 팔아요,"23,000원",둔산동,끌올 1시간 전,판매중,https://www.daangn.com/kr/buy-sell/%EB%B0%B0%EB%93%9C%EB%AF%BC%ED%84%B4-%ED%85%8C%ED%81%AC%EB%8B%88%EC%8A%A4%ED%8A%B8-%EA%B2%BD%EA%B8%B0%EB%B3%B5-%ED%8C%94%EC%95%84%EC%9A%94-gg7fqm8ghwwy/
푸마 디비에이트 나이트로3 M260mm,"90,000원",둔산동,끌올 1시간 전,판매중,https://www.daangn.com/kr/buy-sell/%ED%91%B8%EB%A7%88-%EB%94%94%EB%B9%84%EC%97%90%EC%9D%B4%ED%8A%B8-%EB%82%98%EC%9D%B4%ED%8A%B8%EB%A1%9C3-m260mm-1odk8f2x77df/
나가노 치이카와 농담곰 콜라보 피규어,"8,000원",둔산동,끌올 1시간 전,판매중,https://www.daangn.com/kr/buy-sell/%EB%82%98%EA%B0%80%EB%85%B8-%EC%B9%98%EC%9D%B4%EC%B9%B4%EC%99%80-%EB%86%8D%EB%8B%B4%EA%B3%B0-%EC%BD%9C%EB%9D%BC%EB%B3%B4-%ED%94%BC%EA%B7%9C%EC%96%B4-24q3bcmnw3ib/
메가박스 <휴민트>,"5,000원",둔산동,1시간 전,판매중,https://www.daangn.com/kr/buy-sell/%EB%A9%94%EA%B0%80%EB%B0%95%EC%8A%A4-%ED%9C%B4%EB%AF%BC%ED%8A%B8-w8ncuwdd5dcn/
서울동아마라톤 풀코스 아디다스 싱글렛 M,"20,000원",둔산동,끌올 1시간 전,판매중,https://www.daangn.com/kr/buy-sell/%EC%84%9C%EC%9A%B8%EB%8F%99%EC%95%84%EB%A7%88%EB%9D%BC%ED%86%A4-%ED%92%80%EC%BD%94%EC%8A%A4-%EC%95%84%EB%94%94%EB%8B%A4%EC%8A%A4-%EC%8B%B1%EA%B8%80%EB%A0%9B-m-son65ftyoh9u/
빈티지 앤틱 캔들 랜턴,"52,000원",둔산동,1시간 전,판매중,https://www.daangn.com/kr/buy-sell/%EB%B9%88%ED%8B%B0%EC%A7%80-%EC%95%A4%ED%8B%B1-%EC%BA%94%EB%93%A4-%EB%9E%9C%ED%84%B4-5oduuk6nsxyd/
푸바오 팬더 보들인형 키링,"20,000원",둔산동,끌올 1시간 전,판매중,https://www.daangn.com/kr/buy-sell/%ED%91%B8%EB%B0%94%EC%98%A4-%ED%8C%AC%EB%8D%94-%EB%B3%B4%EB%93%A4%EC%9D%B8%ED%98%95-%ED%82%A4%EB%A7%81-byvkn2iuef4g/
CU 농심 츄파춥스 기프티콘,나눔,둔산동,1시간 전,판매중,https://www.daangn.com/kr/buy-sell/cu-%EB%86%8D%EC%8B%AC-%EC%B8%84%ED%8C%8C%EC%B6%A5%EC%8A%A4-%EA%B8%B0%ED%94%84%ED%8B%B0%EC%BD%98-5fyabgqtdnui/
타미힐피거 롱패딩 네이비,"20,000원",둔산동,끌올 1시간 전,판매중,https://www.daangn.com/kr/buy-sell/%ED%83%80%EB%AF%B8%ED%9E%90%ED%94%BC%EA%B1%B0-%EB%A1%B1%ED%8C%A8%EB%94%A9-%EB%84%A4%EC%9D%B4%EB%B9%84-qgbvg4t48dfn/
게스 여성 일자 블랙진 25사이즈,"7,000원",둔산동,끌올 1시간 전,판매중,https://www.daangn.com/kr/buy-sell/%EA%B2%8C%EC%8A%A4-%EC%97%AC%EC%84%B1-%EC%9D%BC%EC%9E%90-%EB%B8%94%EB%9E%99%EC%A7%84-25%EC%82%AC%EC%9D%B4%EC%A6%88-945sf31p9jtj/
삐삐래쉬 노글루 속눈썹 #Crown,"8,000원",둔산동,끌올 1시간 전,판매중,https://www.daangn.com/kr/buy-sell/%EC%82%90%EC%82%90%EB%9E%98%EC%89%AC-%EB%85%B8%EA%B8%80%EB%A3%A8-%EC%86%8D%EB%88%88%EC%8D%B9-crown-6c31uuu17m1s/
베고니아 푸토엔시스,"6,000원",둔산동,끌올 1시간 전,판매중,https://www.daangn.com/kr/buy-sell/%EB%B2%A0%EA%B3%A0%EB%8B%88%EC%95%84-%ED%91%B8%ED%86%A0%EC%97%94%EC%8B%9C%EC%8A%A4-3itgu9gosxtn/
나이키 구스,"60,000원",둔산동,끌올 1시간 전,판매중,https://www.daangn.com/kr/buy-sell/%EB%82%98%EC%9D%B4%ED%82%A4-%EA%B5%AC%EC%8A%A4-opxyk698dypy/
호야 휴스켈리아나 바리에가타,"7,000원",둔산동,끌올 1시간 전,판매중,https://www.daangn.com/kr/buy-sell/%ED%98%B8%EC%95%BC-%ED%9C%B4%EC%8A%A4%EC%BC%88%EB%A6%AC%EC%95%84%EB%82%98-%EB%B0%94%EB%A6%AC%EC%97%90%EA%B0%80%ED%83%80-uuoj5ts4yhwt/
"시마노 25 스티레100PG,101PG 베이트 릴","400,000원",둔산동,끌올 1시간 전,판매중,https://www.daangn.com/kr/buy-sell/%EC%8B%9C%EB%A7%88%EB%85%B8-25-%EC%8A%A4%ED%8B%B0%EB%A0%88100pg-101pg-%EB%B2%A0%EC%9D%B4%ED%8A%B8-%EB%A6%B4-f3ffxffe4bww/
빈티지 철제 스툴 앤틱 의자,"30,000원",둔산동,1시간 전,판매중,https://www.daangn.com/kr/buy-sell/%EB%B9%88%ED%8B%B0%EC%A7%80-%EC%B2%A0%EC%A0%9C-%EC%8A%A4%ED%88%B4-%EC%95%A4%ED%8B%B1-%EC%9D%98%EC%9E%90-kst3so5j3vto/
레노버 Ideapad 110S 노트북 부품용,"45,000원",둔산동,끌올 1시간 전,판매중,https://www.daangn.com/kr/buy-sell/%EB%A0%88%EB%85%B8%EB%B2%84-ideapad-110s-%EB%85%B8%ED%8A%B8%EB%B6%81-%EB%B6%80%ED%92%88%EC%9A%A9-nitjhdtqqrxu/
리바이스 514 청바지,"10,000원",둔산동,끌올 1시간 전,판매중,https://www.daangn.com/kr/buy-sell/%EB%A6%AC%EB%B0%94%EC%9D%B4%EC%8A%A4-514-%EC%B2%AD%EB%B0%94%EC%A7%80-one3qfujbj47/
리바이스 청바지,"15,000원",둔산동,끌올 1시간 전,판매중,https://www.daangn.com/kr/buy-sell/%EB%A6%AC%EB%B0%94%EC%9D%B4%EC%8A%A4-%EC%B2%AD%EB%B0%94%EC%A7%80-fjpfar5v35pd/
미니 빔프로젝터,"45,000원",둔산동,끌올 1시간 전,판매중,https://www.daangn.com/kr/buy-sell/%EB%AF%B8%EB%8B%88-%EB%B9%94%ED%94%84%EB%A1%9C%EC%A0%9D%ED%84%B0-1u4fhzbpofec/
오디세이 퍼터,"50,000원",둔산동,끌올 1시간 전,판매중,https://www.daangn.com/kr/buy-sell/%EC%98%A4%EB%94%94%EC%84%B8%EC%9D%B4-%ED%8D%BC%ED%84%B0-i1wzvjkrezf3/
아디다스 프레데터 풋살화 220mm,"15,000원",둔산동,끌올 1시간 전,판매중,https://www.daangn.com/kr/buy-sell/%EC%95%84%EB%94%94%EB%8B%A4%EC%8A%A4-%ED%94%84%EB%A0%88%EB%8D%B0%ED%84%B0-%ED%92%8B%EC%82%B4%ED%99%94-220mm-4pkuv2yt8yoj/
핑 G25 드라이버 10.5도,"120,000원",둔산동,1시간 전,판매중,https://www.daangn.com/kr/buy-sell/%ED%95%91-g25-%EB%93%9C%EB%9D%BC%EC%9D%B4%EB%B2%84-10-5%EB%8F%84-vg8gmuqofms3/
신세계 상품권 10만원권(2장),"190,000원",둔산동,2시간 전,판매중,https://www.daangn.com/kr/buy-sell/%EC%8B%A0%EC%84%B8%EA%B3%84-%EC%83%81%ED%92%88%EA%B6%8C-10%EB%A7%8C%EC%9B%90%EA%B6%8C-2%EC%9E%A5-w76nmqcu31vq/
"삼성 잉크 M260, C260 미개봉 새제품","20,000원",둔산동,2시간 전,판매중,https://www.daangn.com/kr/buy-sell/%EC%82%BC%EC%84%B1-%EC%9E%89%ED%81%AC-m260-c260-%EB%AF%B8%EA%B0%9C%EB%B4%89-%EC%83%88%EC%A0%9C%ED%92%88-jor1ghpr9ntd/
프린스 EXO-3 라켓 팝니다,"26,000원",둔산동,끌올 2시간 전,판매중,https://www.daangn.com/kr/buy-sell/%ED%94%84%EB%A6%B0%EC%8A%A4-exo-3-%EB%9D%BC%EC%BC%93-%ED%8C%9D%EB%8B%88%EB%8B%A4-8vjj2wtyzthc/
아이패드 에어 5세대 64GB Wi-Fi + Cellular,"550,000원",둔산동,2시간 전,판매중,https://www.daangn.com/kr/buy-sell/%EC%95%84%EC%9D%B4%ED%8C%A8%EB%93%9C-%EC%97%90%EC%96%B4-5%EC%84%B8%EB%8C%80-64gb-wi-fi-cellular-nhhs2tajjqji/
메가MGC커피 아이스 아메리카노 기프티콘,"1,600원",둔산동,2시간 전,판매중,https://www.daangn.com/kr/buy-sell/%EB%A9%94%EA%B0%80mgc%EC%BB%A4%ED%94%BC-%EC%95%84%EC%9D%B4%EC%8A%A4-%EC%95%84%EB%A9%94%EB%A6%AC%EC%B9%B4%EB%85%B8-%EA%B8%B0%ED%94%84%ED%8B%B0%EC%BD%98-zxn2zhthaim3/
호야 휴스켈리아나 바리에가타,"7,000원",둔산동,2시간 전,판매중,https://www.daangn.com/kr/buy-sell/%ED%98%B8%EC%95%BC-%ED%9C%B4%EC%8A%A4%EC%BC%88%EB%A6%AC%EC%95%84%EB%82%98-%EB%B0%94%EB%A6%AC%EC%97%90%EA%B0%80%ED%83%80-c2dh6djmi2zf/
대리석 스텐드. 워머램프,"50,000원",둔산동,2시간 전,판매중,https://www.daangn.com/kr/buy-sell/%EB%8C%80%EB%A6%AC%EC%84%9D-%EC%8A%A4%ED%85%90%EB%93%9C-%EC%9B%8C%EB%A8%B8%EB%9E%A8%ED%94%84-25fnmv61qdc8/
"[삽니다] 아이폰17프로,프로맥스 미개봉으로 구매합니다","2,950,000원",둔산동,끌올 2시간 전,판매중,https://www.daangn.com/kr/buy-sell/%EC%82%BD%EB%8B%88%EB%8B%A4-%EC%95%84%EC%9D%B4%ED%8F%B017%ED%94%84%EB%A1%9C-%ED%94%84%EB%A1%9C%EB%A7%A5%EC%8A%A4-%EB%AF%B8%EA%B0%9C%EB%B4%89%EC%9C%BC%EB%A1%9C-%EA%B5%AC%EB%A7%A4%ED%95%A9%EB%8B%88%EB%8B%A4-36r7fmsmaupv/
노스페이스 리버톤 온볼 롱패딩 110사이즈,"150,000원",둔산동,끌올 2시간 전,판매중,https://www.daangn.com/kr/buy-sell/%EB%85%B8%EC%8A%A4%ED%8E%98%EC%9D%B4%EC%8A%A4-%EB%A6%AC%EB%B2%84%ED%86%A4-%EC%98%A8%EB%B3%BC-%EB%A1%B1%ED%8C%A8%EB%94%A9-110%EC%82%AC%EC%9D%B4%EC%A6%88-5cc3r5u78ha6/
어린이 탬버린 소고 악기 세트,"3,000원",둔산동,2시간 전,판매중,https://www.daangn.com/kr/buy-sell/%EC%96%B4%EB%A6%B0%EC%9D%B4-%ED%83%AC%EB%B2%84%EB%A6%B0-%EC%86%8C%EA%B3%A0-%EC%95%85%EA%B8%B0-%EC%84%B8%ED%8A%B8-1bj22qjr3gv8/
(W) 나이키 덩크 하이 SE 세일블랙 270mm 판매합니다!,"30,000원",둔산동,끌올 2시간 전,판매중,https://www.daangn.com/kr/buy-sell/w-%EB%82%98%EC%9D%B4%ED%82%A4-%EB%8D%A9%ED%81%AC-%ED%95%98%EC%9D%B4-se-%EC%84%B8%EC%9D%BC%EB%B8%94%EB%9E%99-270mm-%ED%8C%90%EB%A7%A4%ED%95%A9%EB%8B%88%EB%8B%A4-wvcmix1wdesq/
스투시 립 케이지 LS M,"50,000원",둔산동,끌올 2시간 전,판매중,https://www.daangn.com/kr/buy-sell/%EC%8A%A4%ED%88%AC%EC%8B%9C-%EB%A6%BD-%EC%BC%80%EC%9D%B4%EC%A7%80-ls-m-t1zt1wdeksfq/
(새상품)폴로 랄프로렌 반팔티셔츠 네이비L,"35,000원",둔산동,끌올 2시간 전,판매중,https://www.daangn.com/kr/buy-sell/%EC%83%88%EC%83%81%ED%92%88-%ED%8F%B4%EB%A1%9C-%EB%9E%84%ED%94%84%EB%A1%9C%EB%A0%8C-%EB%B0%98%ED%8C%94%ED%8B%B0%EC%85%94%EC%B8%A0-%EB%84%A4%EC%9D%B4%EB%B9%84l-ye59f4r88878/
룩 564 S사이즈 무하자급 픽시 판매/대차,"2,800,000원",둔산동,끌올 2시간 전,판매중,https://www.daangn.com/kr/buy-sell/%EB%A3%A9-564-s%EC%82%AC%EC%9D%B4%EC%A6%88-%EB%AC%B4%ED%95%98%EC%9E%90%EA%B8%89-%ED%94%BD%EC%8B%9C-%ED%8C%90%EB%A7%A4-%EB%8C%80%EC%B0%A8-dhb4iqc3bucm/
스킨답서스 트루비 문라이트,"5,000원",둔산동,2시간 전,판매중,https://www.daangn.com/kr/buy-sell/%EC%8A%A4%ED%82%A8%EB%8B%B5%EC%84%9C%EC%8A%A4-%ED%8A%B8%EB%A3%A8%EB%B9%84-%EB%AC%B8%EB%9D%BC%EC%9D%B4%ED%8A%B8-dk5dhexgah91/
해피콜 직화 오븐,"5,000원",둔산동,2시간 전,판매중,https://www.daangn.com/kr/buy-sell/%ED%95%B4%ED%94%BC%EC%BD%9C-%EC%A7%81%ED%99%94-%EC%98%A4%EB%B8%90-nm9sikn8ow8k/
<출산준비물>디펜드 물없이 쓰는 샴푸 200ml 2개,"5,000원",둔산동,끌올 2시간 전,판매중,https://www.daangn.com/kr/buy-sell/%EC%B6%9C%EC%82%B0%EC%A4%80%EB%B9%84%EB%AC%BC-%EB%94%94%ED%8E%9C%EB%93%9C-%EB%AC%BC%EC%97%86%EC%9D%B4-%EC%93%B0%EB%8A%94-%EC%83%B4%ED%91%B8-200ml-2%EA%B0%9C-56wt749yu74u/
V넥 루즈핏 니트 올리브색,"7,000원",둔산동,끌올 2시간 전,판매중,https://www.daangn.com/kr/buy-sell/v%EB%84%A5-%EB%A3%A8%EC%A6%88%ED%95%8F-%EB%8B%88%ED%8A%B8-%EC%98%AC%EB%A6%AC%EB%B8%8C%EC%83%89-ffyx5w7ehen5/
오프숄더 니트 티셔츠 회색,"7,000원",둔산동,끌올 2시간 전,판매중,https://www.daangn.com/kr/buy-sell/%EC%98%A4%ED%94%84%EC%88%84%EB%8D%94-%EB%8B%88%ED%8A%B8-%ED%8B%B0%EC%85%94%EC%B8%A0-%ED%9A%8C%EC%83%89-zft3ig8uccen/
트임 니트 상의 베이지,"9,000원",둔산동,끌올 2시간 전,판매중,https://www.daangn.com/kr/buy-sell/%ED%8A%B8%EC%9E%84-%EB%8B%88%ED%8A%B8-%EC%83%81%EC%9D%98-%EB%B2%A0%EC%9D%B4%EC%A7%80-23hf9xzj59or/
회색 오버핏 니트 가디건,"6,000원",둔산동,끌올 2시간 전,판매중,https://www.daangn.com/kr/buy-sell/%ED%9A%8C%EC%83%89-%EC%98%A4%EB%B2%84%ED%95%8F-%EB%8B%88%ED%8A%B8-%EA%B0%80%EB%94%94%EA%B1%B4-4u7i37a84cma/
청지마+물결 시스루 티셔츠,"11,000원",둔산동,끌올 2시간 전,판매중,https://www.daangn.com/kr/buy-sell/%EC%B2%AD%EC%A7%80%EB%A7%88-%EB%AC%BC%EA%B2%B0-%EC%8B%9C%EC%8A%A4%EB%A3%A8-%ED%8B%B0%EC%85%94%EC%B8%A0-hphm5iev4m3w/
노르딕 떡볶이 니트 가디건,"13,000원",둔산동,끌올 2시간 전,판매중,https://www.daangn.com/kr/buy-sell/%EB%85%B8%EB%A5%B4%EB%94%95-%EB%96%A1%EB%B3%B6%EC%9D%B4-%EB%8B%88%ED%8A%B8-%EA%B0%80%EB%94%94%EA%B1%B4-u89sd8cypy64/
에고이스트 원피스 66,"7,000원",둔산동,끌올 2시간 전,판매중,https://www.daangn.com/kr/buy-sell/%EC%97%90%EA%B3%A0%EC%9D%B4%EC%8A%A4%ED%8A%B8-%EC%9B%90%ED%94%BC%EC%8A%A4-66-od2s4xsp32i3/
와플팬 새상품,"3,000원",둔산동,2시간 전,판매중,https://www.daangn.com/kr/buy-sell/%EC%99%80%ED%94%8C%ED%8C%AC-%EC%83%88%EC%83%81%ED%92%88-p9f4xan994fw/
여성 맨투맨 티셔츠,"5,000원",둔산동,끌올 2시간 전,판매중,https://www.daangn.com/kr/buy-sell/%EC%97%AC%EC%84%B1-%EB%A7%A8%ED%88%AC%EB%A7%A8-%ED%8B%B0%EC%85%94%EC%B8%A0-b3r6fbbg6yk6/
여성 스타킹,"10,000원",둔산동,끌올 2시간 전,판매중,https://www.daangn.com/kr/buy-sell/%EC%97%AC%EC%84%B1-%EC%8A%A4%ED%83%80%ED%82%B9-on4qk6hwkqpd/
여성 청바지,"10,000원",둔산동,끌올 2시간 전,판매중,https://www.daangn.com/kr/buy-sell/%EC%97%AC%EC%84%B1-%EC%B2%AD%EB%B0%94%EC%A7%80-44xgrdzwh4pg/
여성 신발,"10,000원",둔산동,끌올 2시간 전,판매중,https://www.daangn.com/kr/buy-sell/%EC%97%AC%EC%84%B1-%EC%8B%A0%EB%B0%9C-4e6q6mu2bbaa/
탁상 달력,"5,000원",둔산동,끌올 2시간 전,판매중,https://www.daangn.com/kr/buy-sell/%ED%83%81%EC%83%81-%EB%8B%AC%EB%A0%A5-a45hi53runeb/
히라이 켄(Ken Hirai) 10주년 기념 CD,"5,000원",둔산동,끌올 2시간 전,판매중,https://www.daangn.com/kr/buy-sell/%ED%9E%88%EB%9D%BC%EC%9D%B4-%EC%BC%84-ken-hirai-10%EC%A3%BC%EB%85%84-%EA%B8%B0%EB%85%90-cd-hdkzupdx7upq/
리오벨 폭스퍼 양가죽 코트 55,"24,000원",둔산동,끌올 2시간 전,판매중,https://www.daangn.com/kr/buy-sell/%EB%A6%AC%EC%98%A4%EB%B2%A8-%ED%8F%AD%EC%8A%A4%ED%8D%BC-%EC%96%91%EA%B0%80%EC%A3%BD-%EC%BD%94%ED%8A%B8-55-5zfsuuv8bmv1/
시스템 네이비 트위드 자켓S,"27,000원",둔산동,끌올 2시간 전,판매중,https://www.daangn.com/kr/buy-sell/%EC%8B%9C%EC%8A%A4%ED%85%9C-%EB%84%A4%EC%9D%B4%EB%B9%84-%ED%8A%B8%EC%9C%84%EB%93%9C-%EC%9E%90%EC%BC%93s-k4zmccrcvero/
바버 리데스데일 퀼팅 자켓,"75,000원",둔산동,끌올 2시간 전,판매중,https://www.daangn.com/kr/buy-sell/%EB%B0%94%EB%B2%84-%EB%A6%AC%EB%8D%B0%EC%8A%A4%EB%8D%B0%EC%9D%BC-%ED%80%BC%ED%8C%85-%EC%9E%90%EC%BC%93-a9rofakxu7ux/
폴로 랄프로렌 메리노 울 니트 퍼플 L,"34,000원",둔산동,끌올 2시간 전,판매중,https://www.daangn.com/kr/buy-sell/%ED%8F%B4%EB%A1%9C-%EB%9E%84%ED%94%84%EB%A1%9C%EB%A0%8C-%EB%A9%94%EB%A6%AC%EB%85%B8-%EC%9A%B8-%EB%8B%88%ED%8A%B8-%ED%8D%BC%ED%94%8C-l-csk7w33vsoiy/
널디 벨벳 트레이닝 상의 퍼플,"14,000원",둔산동,끌올 2시간 전,판매중,https://www.daangn.com/kr/buy-sell/%EB%84%90%EB%94%94-%EB%B2%A8%EB%B2%B3-%ED%8A%B8%EB%A0%88%EC%9D%B4%EB%8B%9D-%EC%83%81%EC%9D%98-%ED%8D%BC%ED%94%8C-i5snpm1ns8hr/
이솝 핸드워시 새상품,"38,000원",둔산동,2시간 전,판매중,https://www.daangn.com/kr/buy-sell/%EC%9D%B4%EC%86%9D-%ED%95%B8%EB%93%9C%EC%9B%8C%EC%8B%9C-%EC%83%88%EC%83%81%ED%92%88-3ohpa5p9d7hs/
락앤락 프레쉬 스텐 김치통 4.2L/6L,"15,000원",둔산동,끌올 2시간 전,판매중,https://www.daangn.com/kr/buy-sell/%EB%9D%BD%EC%95%A4%EB%9D%BD-%ED%94%84%EB%A0%88%EC%89%AC-%EC%8A%A4%ED%85%90-%EA%B9%80%EC%B9%98%ED%86%B5-4-2l-6l-qvz9nzbr2u31/
유아 기모 레깅스 3벌 세트,"5,000원",둔산동,끌올 2시간 전,판매중,https://www.daangn.com/kr/buy-sell/%EC%9C%A0%EC%95%84-%EA%B8%B0%EB%AA%A8-%EB%A0%88%EA%B9%85%EC%8A%A4-3%EB%B2%8C-%EC%84%B8%ED%8A%B8-p7sijcjmwcrt/
겨울 후드 점퍼 2종 100,"7,000원",둔산동,끌올 2시간 전,판매중,https://www.daangn.com/kr/buy-sell/%EA%B2%A8%EC%9A%B8-%ED%9B%84%EB%93%9C-%EC%A0%90%ED%8D%BC-2%EC%A2%85-100-muocevbqjnfb/
노란 뚜껑 찬합,"2,000원",둔산동,끌올 2시간 전,판매중,https://www.daangn.com/kr/buy-sell/%EB%85%B8%EB%9E%80-%EB%9A%9C%EA%BB%91-%EC%B0%AC%ED%95%A9-p6178yn2632m/
"먼작귀 하치와레, 치이카와 아크릴 스탠드 새상품","4,000원",둔산동,2시간 전,판매중,https://www.daangn.com/kr/buy-sell/%EB%A8%BC%EC%9E%91%EA%B7%80-%ED%95%98%EC%B9%98%EC%99%80%EB%A0%88-%EC%B9%98%EC%9D%B4%EC%B9%B4%EC%99%80-%EC%95%84%ED%81%AC%EB%A6%B4-%EC%8A%A4%ED%83%A0%EB%93%9C-%EC%83%88%EC%83%81%ED%92%88-iawi5r2g93kx/
(1회착용)가내스라 보닌 코튼 핀턱 팬츠,"25,000원",둔산동,끌올 2시간 전,판매중,https://www.daangn.com/kr/buy-sell/1%ED%9A%8C%EC%B0%A9%EC%9A%A9-%EA%B0%80%EB%82%B4%EC%8A%A4%EB%9D%BC-%EB%B3%B4%EB%8B%8C-%EC%BD%94%ED%8A%BC-%ED%95%80%ED%84%B1-%ED%8C%AC%EC%B8%A0-v64x248vs7yo/
(1회착용)오디너리먼트 단스 울 자켓,"76,000원",둔산동,끌올 2시간 전,판매중,https://www.daangn.com/kr/buy-sell/1%ED%9A%8C%EC%B0%A9%EC%9A%A9-%EC%98%A4%EB%94%94%EB%84%88%EB%A6%AC%EB%A8%BC%ED%8A%B8-%EB%8B%A8%EC%8A%A4-%EC%9A%B8-%EC%9E%90%EC%BC%93-5etwcobezfyv/
(1회착용)로빈유 핀턱 기모 슬랙스,"18,000원",둔산동,끌올 2시간 전,판매중,https://www.daangn.com/kr/buy-sell/1%ED%9A%8C%EC%B0%A9%EC%9A%A9-%EB%A1%9C%EB%B9%88%EC%9C%A0-%ED%95%80%ED%84%B1-%EA%B8%B0%EB%AA%A8-%EC%8A%AC%EB%9E%99%EC%8A%A4-2fwa5zxfafth/
아이보리 텀블러 350ml 새상품 (킨토st.),"5,000원",둔산동,끌올 2시간 전,판매중,https://www.daangn.com/kr/buy-sell/%EC%95%84%EC%9D%B4%EB%B3%B4%EB%A6%AC-%ED%85%80%EB%B8%94%EB%9F%AC-350ml-%EC%83%88%EC%83%81%ED%92%88-%ED%82%A8%ED%86%A0st-mopxw8kvyag5/
(2회착용)오디너리먼트 카멜롱울코트,"68,000원",둔산동,끌올 2시간 전,판매중,https://www.daangn.com/kr/buy-sell/2%ED%9A%8C%EC%B0%A9%EC%9A%A9-%EC%98%A4%EB%94%94%EB%84%88%EB%A6%AC%EB%A8%BC%ED%8A%B8-%EC%B9%B4%EB%A9%9C%EB%A1%B1%EC%9A%B8%EC%BD%94%ED%8A%B8-hssho7yts2by/
여행용 걸이형 파우치 핑크,"2,000원",둔산동,끌올 2시간 전,판매중,https://www.daangn.com/kr/buy-sell/%EC%97%AC%ED%96%89%EC%9A%A9-%EA%B1%B8%EC%9D%B4%ED%98%95-%ED%8C%8C%EC%9A%B0%EC%B9%98-%ED%95%91%ED%81%AC-mat42t6mj9va/
한경희 스팀테라피 에스테틱 피부 수분공급 피부관리기 새제품,"10,000원",둔산동,끌올 2시간 전,판매중,https://www.daangn.com/kr/buy-sell/%ED%95%9C%EA%B2%BD%ED%9D%AC-%EC%8A%A4%ED%8C%80%ED%85%8C%EB%9D%BC%ED%94%BC-%EC%97%90%EC%8A%A4%ED%85%8C%ED%8B%B1-%ED%94%BC%EB%B6%80-%EC%88%98%EB%B6%84%EA%B3%B5%EA%B8%89-%ED%94%BC%EB%B6%80%EA%B4%80%EB%A6%AC%EA%B8%B0-%EC%83%88%EC%A0%9C%ED%92%88-2fapuvzuq98z/
바넥스 런치세트 도시락통 도시락가방 미개봉 새상품,"9,000원",둔산동,끌올 2시간 전,판매중,https://www.daangn.com/kr/buy-sell/%EB%B0%94%EB%84%A5%EC%8A%A4-%EB%9F%B0%EC%B9%98%EC%84%B8%ED%8A%B8-%EB%8F%84%EC%8B%9C%EB%9D%BD%ED%86%B5-%EB%8F%84%EC%8B%9C%EB%9D%BD%EA%B0%80%EB%B0%A9-%EB%AF%B8%EA%B0%9C%EB%B4%89-%EC%83%88%EC%83%81%ED%92%88-eb5cns16fd58/
호쿠리쿠 알루미늄 냄비 일본 다시냄비 새상품,"32,000원",둔산동,끌올 2시간 전,판매중,https://www.daangn.com/kr/buy-sell/%ED%98%B8%EC%BF%A0%EB%A6%AC%EC%BF%A0-%EC%95%8C%EB%A3%A8%EB%AF%B8%EB%8A%84-%EB%83%84%EB%B9%84-%EC%9D%BC%EB%B3%B8-%EB%8B%A4%EC%8B%9C%EB%83%84%EB%B9%84-%EC%83%88%EC%83%81%ED%92%88-ek5ntw1udksu/
(새상품)모던로브 브러쉬 헤어 하프 코트자켓,"78,000원",둔산동,끌올 2시간 전,판매중,https://www.daangn.com/kr/buy-sell/%EC%83%88%EC%83%81%ED%92%88-%EB%AA%A8%EB%8D%98%EB%A1%9C%EB%B8%8C-%EB%B8%8C%EB%9F%AC%EC%89%AC-%ED%97%A4%EC%96%B4-%ED%95%98%ED%94%84-%EC%BD%94%ED%8A%B8%EC%9E%90%EC%BC%93-mx7sqv18tox9/
(새상품)주드 블루밍 원피스,"30,000원",둔산동,끌올 2시간 전,판매중,https://www.daangn.com/kr/buy-sell/%EC%83%88%EC%83%81%ED%92%88-%EC%A3%BC%EB%93%9C-%EB%B8%94%EB%A3%A8%EB%B0%8D-%EC%9B%90%ED%94%BC%EC%8A%A4-rbasnb8cv6tp/
피커스 푸밀라(푸미라) 문라이트,"5,000원",둔산동,2시간 전,판매중,https://www.daangn.com/kr/buy-sell/%ED%94%BC%EC%BB%A4%EC%8A%A4-%ED%91%B8%EB%B0%80%EB%9D%BC-%ED%91%B8%EB%AF%B8%EB%9D%BC-%EB%AC%B8%EB%9D%BC%EC%9D%B4%ED%8A%B8-dhh28puzwhwp/
CGV 영화 관람권,"10,000원",둔산동,끌올 2시간 전,판매중,https://www.daangn.com/kr/buy-sell/cgv-%EC%98%81%ED%99%94-%EA%B4%80%EB%9E%8C%EA%B6%8C-6nnfsdvqikbo/
삼성 M7 32인치 삼탠바이미,"290,000원",둔산동,끌올 2시간 전,판매중,https://www.daangn.com/kr/buy-sell/%EC%82%BC%EC%84%B1-m7-32%EC%9D%B8%EC%B9%98-%EC%82%BC%ED%83%A0%EB%B0%94%EC%9D%B4%EB%AF%B8-x1e6ietxgiuy/
마스터바니 골프 바람막이,"85,000원",둔산동,끌올 2시간 전,판매중,https://www.daangn.com/kr/buy-sell/%EB%A7%88%EC%8A%A4%ED%84%B0%EB%B0%94%EB%8B%88-%EA%B3%A8%ED%94%84-%EB%B0%94%EB%9E%8C%EB%A7%89%EC%9D%B4-n18drzdw7y3y/
룰루레몬 Wunder Train HR 레깅스 S 새상품,"65,000원",둔산동,끌올 2시간 전,판매중,https://www.daangn.com/kr/buy-sell/%EB%A3%B0%EB%A3%A8%EB%A0%88%EB%AA%AC-wunder-train-hr-%EB%A0%88%EA%B9%85%EC%8A%A4-s-%EC%83%88%EC%83%81%ED%92%88-5ydq6zgutnwh/
"룰루레몬 Align HR 24"" 레깅스","80,000원",둔산동,끌올 2시간 전,판매중,https://www.daangn.com/kr/buy-sell/%EB%A3%B0%EB%A3%A8%EB%A0%88%EB%AA%AC-align-hr-24-%EB%A0%88%EA%B9%85%EC%8A%A4-jhi1souacv63/
"룰루레몬 InStill HR Tight 24"" XS","75,000원",둔산동,끌올 2시간 전,판매중,https://www.daangn.com/kr/buy-sell/%EB%A3%B0%EB%A3%A8%EB%A0%88%EB%AA%AC-instill-hr-tight-24-xs-pdpbvox2vy9z/
instax mini11 블러쉬 핑크 새상품,"100,000원",둔산동,2시간 전,판매중,https://www.daangn.com/kr/buy-sell/instax-mini11-%EB%B8%94%EB%9F%AC%EC%89%AC-%ED%95%91%ED%81%AC-%EC%83%88%EC%83%81%ED%92%88-9a241cm5oape/
(미개봉) 스타벅스 미니어처 텀블러 키링 핑크 판매,"25,000원",둔산동,끌올 2시간 전,판매중,https://www.daangn.com/kr/buy-sell/%EB%AF%B8%EA%B0%9C%EB%B4%89-%EC%8A%A4%ED%83%80%EB%B2%85%EC%8A%A4-%EB%AF%B8%EB%8B%88%EC%96%B4%EC%B2%98-%ED%85%80%EB%B8%94%EB%9F%AC-%ED%82%A4%EB%A7%81-%ED%95%91%ED%81%AC-%ED%8C%90%EB%A7%A4-o1vgfchq1w9b/
깡총핑 서프라이즈 박스1,"5,000원",둔산동,끌올 2시간 전,판매중,https://www.daangn.com/kr/buy-sell/%EA%B9%A1%EC%B4%9D%ED%95%91-%EC%84%9C%ED%94%84%EB%9D%BC%EC%9D%B4%EC%A6%88-%EB%B0%95%EC%8A%A41-tsj4tpg8hnfy/
고세핸드백 어바웃 숄더백 크림화이트,"10,000원",둔산동,끌올 2시간 전,판매중,https://www.daangn.com/kr/buy-sell/%EA%B3%A0%EC%84%B8%ED%95%B8%EB%93%9C%EB%B0%B1-%EC%96%B4%EB%B0%94%EC%9B%83-%EC%88%84%EB%8D%94%EB%B0%B1-%ED%81%AC%EB%A6%BC%ED%99%94%EC%9D%B4%ED%8A%B8-3xi9m9sg9pi7/
린백 LB112S 접이식 메쉬 의자,"20,000원",둔산동,2시간 전,판매중,https://www.daangn.com/kr/buy-sell/%EB%A6%B0%EB%B0%B1-lb112s-%EC%A0%91%EC%9D%B4%EC%8B%9D-%EB%A9%94%EC%89%AC-%EC%9D%98%EC%9E%90-uarhjkqgg4ge/
디즈니 랏쏘 우주복 90 사이즈(+가방포함),"35,000원",둔산동,끌올 2시간 전,판매중,https://www.daangn.com/kr/buy-sell/%EB%94%94%EC%A6%88%EB%8B%88-%EB%9E%8F%EC%8F%98-%EC%9A%B0%EC%A3%BC%EB%B3%B5-90-%EC%82%AC%EC%9D%B4%EC%A6%88-%EA%B0%80%EB%B0%A9%ED%8F%AC%ED%95%A8-1en9oa8qeie9/
애견 옷 6벌 일괄,"8,000원",둔산동,끌올 2시간 전,판매중,https://www.daangn.com/kr/buy-sell/%EC%95%A0%EA%B2%AC-%EC%98%B7-6%EB%B2%8C-%EC%9D%BC%EA%B4%84-gkb7kto3bx6s/
울트라맨 TCG 국내 정식발매 팝니다 .,"60,000원",둔산동,끌올 2시간 전,판매중,https://www.daangn.com/kr/buy-sell/%EC%9A%B8%ED%8A%B8%EB%9D%BC%EB%A7%A8-tcg-%EA%B5%AD%EB%82%B4-%EC%A0%95%EC%8B%9D%EB%B0%9C%EB%A7%A4-%ED%8C%9D%EB%8B%88%EB%8B%A4-nmtcou1qj2dt/
청정원 선물세트(2세트),"55,000원",둔산동,끌올 2시간 전,판매중,https://www.daangn.com/kr/buy-sell/%EC%B2%AD%EC%A0%95%EC%9B%90-%EC%84%A0%EB%AC%BC%EC%84%B8%ED%8A%B8-2%EC%84%B8%ED%8A%B8-czin17ytemgo/
기아 타이어 모빌리티 키트,"15,000원",둔산동,2시간 전,판매중,https://www.daangn.com/kr/buy-sell/%EA%B8%B0%EC%95%84-%ED%83%80%EC%9D%B4%EC%96%B4-%EB%AA%A8%EB%B9%8C%EB%A6%AC%ED%8B%B0-%ED%82%A4%ED%8A%B8-4a8fqmm9tnsd/
기모 바지 M사이즈 55사이즈 버건디,"5,000원",둔산동,끌올 2시간 전,판매중,https://www.daangn.com/kr/buy-sell/%EA%B8%B0%EB%AA%A8-%EB%B0%94%EC%A7%80-m%EC%82%AC%EC%9D%B4%EC%A6%88-55%EC%82%AC%EC%9D%B4%EC%A6%88-%EB%B2%84%EA%B1%B4%EB%94%94-i1xandk941zx/
코러스 라벨프린터 CR-1246AD,"68,000원",둔산동,끌올 2시간 전,판매중,https://www.daangn.com/kr/buy-sell/%EC%BD%94%EB%9F%AC%EC%8A%A4-%EB%9D%BC%EB%B2%A8%ED%94%84%EB%A6%B0%ED%84%B0-cr-1246ad-xg9u44vkjrix/
헤지스 H20 로고장식 토트백 라지 베이지(거의새상품),"95,000원",둔산동,끌올 2시간 전,판매중,https://www.daangn.com/kr/buy-sell/%ED%97%A4%EC%A7%80%EC%8A%A4-h20-%EB%A1%9C%EA%B3%A0%EC%9E%A5%EC%8B%9D-%ED%86%A0%ED%8A%B8%EB%B0%B1-%EB%9D%BC%EC%A7%80-%EB%B2%A0%EC%9D%B4%EC%A7%80-%EA%B1%B0%EC%9D%98%EC%83%88%EC%83%81%ED%92%88-spxyr5733urx/
더스크랙 중량봉 팝니다,"35,000원",둔산동,끌올 2시간 전,판매중,https://www.daangn.com/kr/buy-sell/%EB%8D%94%EC%8A%A4%ED%81%AC%EB%9E%99-%EC%A4%91%EB%9F%89%EB%B4%89-%ED%8C%9D%EB%8B%88%EB%8B%A4-ea3b2r18bat2/
베논바이브 가래제거기팝니다,"10,000원",둔산동,끌올 2시간 전,판매중,https://www.daangn.com/kr/buy-sell/%EB%B2%A0%EB%85%BC%EB%B0%94%EC%9D%B4%EB%B8%8C-%EA%B0%80%EB%9E%98%EC%A0%9C%EA%B1%B0%EA%B8%B0%ED%8C%9D%EB%8B%88%EB%8B%A4-uj6no6zdmd9o/
갤럭시s24 울트라 신지모루 강화유리 팝니나,"4,000원",둔산동,끌올 2시간 전,판매중,https://www.daangn.com/kr/buy-sell/%EA%B0%A4%EB%9F%AD%EC%8B%9Cs24-%EC%9A%B8%ED%8A%B8%EB%9D%BC-%EC%8B%A0%EC%A7%80%EB%AA%A8%EB%A3%A8-%EA%B0%95%ED%99%94%EC%9C%A0%EB%A6%AC-%ED%8C%9D%EB%8B%88%EB%82%98-k7rzf1d9zg6q/
갤럭시 S20 5G 화이트 128GB 판매합니다,"130,000원",둔산동,2시간 전,판매중,https://www.daangn.com/kr/buy-sell/%EA%B0%A4%EB%9F%AD%EC%8B%9C-s20-5g-%ED%99%94%EC%9D%B4%ED%8A%B8-128gb-%ED%8C%90%EB%A7%A4%ED%95%A9%EB%8B%88%EB%8B%A4-tmopvdmcg2zc/
스타벅스 체리블라썸 콜드컵 473ml,"6,500원",둔산동,끌올 2시간 전,판매중,https://www.daangn.com/kr/buy-sell/%EC%8A%A4%ED%83%80%EB%B2%85%EC%8A%A4-%EC%B2%B4%EB%A6%AC%EB%B8%94%EB%9D%BC%EC%8D%B8-%EC%BD%9C%EB%93%9C%EC%BB%B5-473ml-k333xdptii7k/
김호중 A LIFE 앨범,"2,000원",둔산동,끌올 2시간 전,판매중,https://www.daangn.com/kr/buy-sell/%EA%B9%80%ED%98%B8%EC%A4%91-a-life-%EC%95%A8%EB%B2%94-h9an6yjjmgc4/
오늘 메가박스중앙로 17:25 영화 <노머시> 1~2장,"1,500원",둔산동,2시간 전,판매중,https://www.daangn.com/kr/buy-sell/%EC%98%A4%EB%8A%98-%EB%A9%94%EA%B0%80%EB%B0%95%EC%8A%A4%EC%A4%91%EC%95%99%EB%A1%9C-17-25-%EC%98%81%ED%99%94-%EB%85%B8%EB%A8%B8%EC%8B%9C-1-2%EC%9E%A5-qhtpigy96th5/
테일러메이드 스텔스 드라이버 & 우드,"170,000원",둔산동,끌올 2시간 전,판매중,https://www.daangn.com/kr/buy-sell/%ED%85%8C%EC%9D%BC%EB%9F%AC%EB%A9%94%EC%9D%B4%EB%93%9C-%EC%8A%A4%ED%85%94%EC%8A%A4-%EB%93%9C%EB%9D%BC%EC%9D%B4%EB%B2%84-%EC%9A%B0%EB%93%9C-zmxfwchywq8j/
타이틀리스트 U505 드라이빙 아이언 3번,"299,000원",둔산동,끌올 2시간 전,판매중,https://www.daangn.com/kr/buy-sell/%ED%83%80%EC%9D%B4%ED%8B%80%EB%A6%AC%EC%8A%A4%ED%8A%B8-u505-%EB%93%9C%EB%9D%BC%EC%9D%B4%EB%B9%99-%EC%95%84%EC%9D%B4%EC%96%B8-3%EB%B2%88-mrhe569qourh/
핑 G430 아이언세트 AWT 2.0 LITE +52 56 교환도 가능,"799,000원",둔산동,끌올 2시간 전,판매중,https://www.daangn.com/kr/buy-sell/%ED%95%91-g430-%EC%95%84%EC%9D%B4%EC%96%B8%EC%84%B8%ED%8A%B8-awt-2-0-lite-52-56-%EA%B5%90%ED%99%98%EB%8F%84-%EA%B0%80%EB%8A%A5-nbe2rpj8cjvv/
고반발 여성 골프 드라이버 우드유틸 세트 교환가능,"299,000원",둔산동,끌올 2시간 전,판매중,https://www.daangn.com/kr/buy-sell/%EA%B3%A0%EB%B0%98%EB%B0%9C-%EC%97%AC%EC%84%B1-%EA%B3%A8%ED%94%84-%EB%93%9C%EB%9D%BC%EC%9D%B4%EB%B2%84-%EC%9A%B0%EB%93%9C%EC%9C%A0%ED%8B%B8-%EC%84%B8%ED%8A%B8-%EA%B5%90%ED%99%98%EA%B0%80%EB%8A%A5-vhqzwhoxeer8/
테일러메이드 여성골프채클럽풀세트,"600,000원",둔산동,끌올 2시간 전,판매중,https://www.daangn.com/kr/buy-sell/%ED%85%8C%EC%9D%BC%EB%9F%AC%EB%A9%94%EC%9D%B4%EB%93%9C-%EC%97%AC%EC%84%B1%EA%B3%A8%ED%94%84%EC%B1%84%ED%81%B4%EB%9F%BD%ED%92%80%EC%84%B8%ED%8A%B8-oysiaf7btoxd/
닥터플러스 DPF-102 발 종아리마사지기 판매합니다,"60,000원",둔산동,끌올 2시간 전,판매중,https://www.daangn.com/kr/buy-sell/%EB%8B%A5%ED%84%B0%ED%94%8C%EB%9F%AC%EC%8A%A4-dpf-102-%EB%B0%9C-%EC%A2%85%EC%95%84%EB%A6%AC%EB%A7%88%EC%82%AC%EC%A7%80%EA%B8%B0-%ED%8C%90%EB%A7%A4%ED%95%A9%EB%8B%88%EB%8B%A4-hcytx8qq5wnp/
메종키츠네 더블폭스 🥕🥕,"63,000원",둔산동,끌올 2시간 전,판매중,https://www.daangn.com/kr/buy-sell/%EB%A9%94%EC%A2%85%ED%82%A4%EC%B8%A0%EB%84%A4-%EB%8D%94%EB%B8%94%ED%8F%AD%EC%8A%A4-fza1cey7ykmh/
메종키츠네 더블폭스 🥕🥕🥕🥕,"63,000원",둔산동,끌올 2시간 전,판매중,https://www.daangn.com/kr/buy-sell/%EB%A9%94%EC%A2%85%ED%82%A4%EC%B8%A0%EB%84%A4-%EB%8D%94%EB%B8%94%ED%8F%AD%EC%8A%A4-z33623bqv8kp/
브라운 ThermoScan 5 귀체온계 IRT6510 새상품,"60,000원",둔산동,2시간 전,판매중,https://www.daangn.com/kr/buy-sell/%EB%B8%8C%EB%9D%BC%EC%9A%B4-thermoscan-5-%EA%B7%80%EC%B2%B4%EC%98%A8%EA%B3%84-irt6510-%EC%83%88%EC%83%81%ED%92%88-bc1vofg61xvk/
애플워치8 45mm 블랙,"210,000원",둔산동,끌올 2시간 전,판매중,https://www.daangn.com/kr/buy-sell/%EC%95%A0%ED%94%8C%EC%9B%8C%EC%B9%988-45mm-%EB%B8%94%EB%9E%99-ocyr24r6874g/
(미개봉) 반프레스토 드래곤볼 MATCH MAKERS 베지터,"20,000원",둔산동,끌올 2시간 전,판매중,https://www.daangn.com/kr/buy-sell/%EB%AF%B8%EA%B0%9C%EB%B4%89-%EB%B0%98%ED%94%84%EB%A0%88%EC%8A%A4%ED%86%A0-%EB%93%9C%EB%9E%98%EA%B3%A4%EB%B3%BC-match-makers-%EB%B2%A0%EC%A7%80%ED%84%B0-44mbr27emjsc/
삼성 갤럭시 와이드8 라이트그린,"240,000원",둔산동,끌올 2시간 전,판매중,https://www.daangn.com/kr/buy-sell/%EC%82%BC%EC%84%B1-%EA%B0%A4%EB%9F%AD%EC%8B%9C-%EC%99%80%EC%9D%B4%EB%93%9C8-%EB%9D%BC%EC%9D%B4%ED%8A%B8%EA%B7%B8%EB%A6%B0-2wgireymcbo4/
나이키 gts97 270mm,"32,000원",둔산동,끌올 2시간 전,판매중,https://www.daangn.com/kr/buy-sell/%EB%82%98%EC%9D%B4%ED%82%A4-gts97-270mm-pdj7cw2xg9wk/
렌지대,"10,000원",둔산동,2시간 전,판매중,https://www.daangn.com/kr/buy-sell/%EB%A0%8C%EC%A7%80%EB%8C%80-k1p3dhixv3gq/
도프제이슨 카우하이드 싱글 가죽 자켓,"120,000원",둔산동,2시간 전,판매중,https://www.daangn.com/kr/buy-sell/%EB%8F%84%ED%94%84%EC%A0%9C%EC%9D%B4%EC%8A%A8-%EC%B9%B4%EC%9A%B0%ED%95%98%EC%9D%B4%EB%93%9C-%EC%8B%B1%EA%B8%80-%EA%B0%80%EC%A3%BD-%EC%9E%90%EC%BC%93-fjdjf8ngzefr/
버터플라이 탁구 가방,"30,000원",둔산동,끌올 2시간 전,판매중,https://www.daangn.com/kr/buy-sell/%EB%B2%84%ED%84%B0%ED%94%8C%EB%9D%BC%EC%9D%B4-%ED%83%81%EA%B5%AC-%EA%B0%80%EB%B0%A9-utwz6bkii886/
EPOS 로봇 & 삼성 갤럭시탭A SM-T280,"200,000원",둔산동,끌올 2시간 전,판매중,https://www.daangn.com/kr/buy-sell/epos-%EB%A1%9C%EB%B4%87-%EC%82%BC%EC%84%B1-%EA%B0%A4%EB%9F%AD%EC%8B%9C%ED%83%ADa-sm-t280-vodb8k87awk2/
Aidata Econo Mobile CPU 스탠드 CS002M,"5,000원",둔산동,끌올 2시간 전,판매중,https://www.daangn.com/kr/buy-sell/aidata-econo-mobile-cpu-%EC%8A%A4%ED%83%A0%EB%93%9C-cs002m-ddah94sg1v9p/
왕의 재정 1권 100쇄 기념 리커버 에디션 새책,"8,000원",둔산동,끌올 2시간 전,판매중,https://www.daangn.com/kr/buy-sell/%EC%99%95%EC%9D%98-%EC%9E%AC%EC%A0%95-1%EA%B6%8C-100%EC%87%84-%EA%B8%B0%EB%85%90-%EB%A6%AC%EC%BB%A4%EB%B2%84-%EC%97%90%EB%94%94%EC%85%98-%EC%83%88%EC%B1%85-764784ovcswn/
카파맥스 Desk-On 책상 정리함 새제품,"4,000원",둔산동,끌올 2시간 전,판매중,https://www.daangn.com/kr/buy-sell/%EC%B9%B4%ED%8C%8C%EB%A7%A5%EC%8A%A4-desk-on-%EC%B1%85%EC%83%81-%EC%A0%95%EB%A6%AC%ED%95%A8-%EC%83%88%EC%A0%9C%ED%92%88-atj16asn1oc6/
로지텍 R400 프레젠테이션 리모컨 새상품,"40,000원",둔산동,끌올 2시간 전,판매중,https://www.daangn.com/kr/buy-sell/%EB%A1%9C%EC%A7%80%ED%85%8D-r400-%ED%94%84%EB%A0%88%EC%A0%A0%ED%85%8C%EC%9D%B4%EC%85%98-%EB%A6%AC%EB%AA%A8%EC%BB%A8-%EC%83%88%EC%83%81%ED%92%88-zd5w5c66wkbd/
디젤 닮은 블랙 벨트,"10,000원",둔산동,2시간 전,판매중,https://www.daangn.com/kr/buy-sell/%EB%94%94%EC%A0%A4-%EB%8B%AE%EC%9D%80-%EB%B8%94%EB%9E%99-%EB%B2%A8%ED%8A%B8-ndezeybc9qwb/
사자머리무늬 아이비,"4,000원",둔산동,끌올 2시간 전,판매중,https://www.daangn.com/kr/buy-sell/%EC%82%AC%EC%9E%90%EB%A8%B8%EB%A6%AC%EB%AC%B4%EB%8A%AC-%EC%95%84%EC%9D%B4%EB%B9%84-or8u8tgkscf4/
아기옷,"11,000원",둔산동,끌올 2시간 전,판매중,https://www.daangn.com/kr/buy-sell/%EC%95%84%EA%B8%B0%EC%98%B7-j3wdx9k6ftwc/
네일 리무버,"1,000원",둔산동,2시간 전,판매중,https://www.daangn.com/kr/buy-sell/%EB%84%A4%EC%9D%BC-%EB%A6%AC%EB%AC%B4%EB%B2%84-pmqm6x7y8mo8/
오디세이 Ai-ONE 트리플 트랙 #7 퍼터 34인치 새제품,"230,000원",둔산동,끌올 2시간 전,판매중,https://www.daangn.com/kr/buy-sell/%EC%98%A4%EB%94%94%EC%84%B8%EC%9D%B4-ai-one-%ED%8A%B8%EB%A6%AC%ED%94%8C-%ED%8A%B8%EB%9E%99-7-%ED%8D%BC%ED%84%B0-34%EC%9D%B8%EC%B9%98-%EC%83%88%EC%A0%9C%ED%92%88-83fmhcqtttr8/
엔젤 스킨답서스(픽투스),"4,000원",둔산동,2시간 전,판매중,https://www.daangn.com/kr/buy-sell/%EC%97%94%EC%A0%A4-%EC%8A%A4%ED%82%A8%EB%8B%B5%EC%84%9C%EC%8A%A4-%ED%94%BD%ED%88%AC%EC%8A%A4-9428bhnin3dy/
리프트 테이블,나눔,둔산동,2시간 전,판매중,https://www.daangn.com/kr/buy-sell/%EB%A6%AC%ED%94%84%ED%8A%B8-%ED%85%8C%EC%9D%B4%EB%B8%94-tfh4fymf6un8/
다이와 딥존500JP 낚시 릴 미개봉,"470,000원",둔산동,끌올 2시간 전,판매중,https://www.daangn.com/kr/buy-sell/%EB%8B%A4%EC%9D%B4%EC%99%80-%EB%94%A5%EC%A1%B4500jp-%EB%82%9A%EC%8B%9C-%EB%A6%B4-%EB%AF%B8%EA%B0%9C%EB%B4%89-cwzjhvykmbxs/
"다이와 22 시보그 200J, 200J-DH","670,000원",둔산동,끌올 2시간 전,판매중,https://www.daangn.com/kr/buy-sell/%EB%8B%A4%EC%9D%B4%EC%99%80-22-%EC%8B%9C%EB%B3%B4%EA%B7%B8-200j-200j-dh-dfg7m9i9vah6/
요즈리 미니삼봉에기. 에비스미니 에기 90mm 퍼플,"70,000원",둔산동,끌올 2시간 전,판매중,https://www.daangn.com/kr/buy-sell/%EC%9A%94%EC%A6%88%EB%A6%AC-%EB%AF%B8%EB%8B%88%EC%82%BC%EB%B4%89%EC%97%90%EA%B8%B0-%EC%97%90%EB%B9%84%EC%8A%A4%EB%AF%B8%EB%8B%88-%EC%97%90%EA%B8%B0-90mm-%ED%8D%BC%ED%94%8C-xs6fsyhq9brz/
다이와 메탈리아 에기타코 S-175 낚싯대 새제품,"370,000원",둔산동,끌올 2시간 전,판매중,https://www.daangn.com/kr/buy-sell/%EB%8B%A4%EC%9D%B4%EC%99%80-%EB%A9%94%ED%83%88%EB%A6%AC%EC%95%84-%EC%97%90%EA%B8%B0%ED%83%80%EC%BD%94-s-175-%EB%82%9A%EC%8B%AF%EB%8C%80-%EC%83%88%EC%A0%9C%ED%92%88-qgkazgpa3hd5/
다이와 크리스티아 와카사기 타나 헌터 빙어릴,"20,000원",둔산동,끌올 2시간 전,판매중,https://www.daangn.com/kr/buy-sell/%EB%8B%A4%EC%9D%B4%EC%99%80-%ED%81%AC%EB%A6%AC%EC%8A%A4%ED%8B%B0%EC%95%84-%EC%99%80%EC%B9%B4%EC%82%AC%EA%B8%B0-%ED%83%80%EB%82%98-%ED%97%8C%ED%84%B0-%EB%B9%99%EC%96%B4%EB%A6%B4-uf989xrxbgwa/
dot to dot 곰돌이 유모차 방풍커버,"27,000원",둔산동,끌올 3시간 전,판매중,https://www.daangn.com/kr/buy-sell/dot-to-dot-%EA%B3%B0%EB%8F%8C%EC%9D%B4-%EC%9C%A0%EB%AA%A8%EC%B0%A8-%EB%B0%A9%ED%92%8D%EC%BB%A4%EB%B2%84-dphwj4ai2z4v/
돗투돗 유모차 방풍(방충)커버,"18,000원",둔산동,끌올 3시간 전,판매중,https://www.daangn.com/kr/buy-sell/%EB%8F%97%ED%88%AC%EB%8F%97-%EC%9C%A0%EB%AA%A8%EC%B0%A8-%EB%B0%A9%ED%92%8D-%EB%B0%A9%EC%B6%A9-%EC%BB%A4%EB%B2%84-mck1b6nza7dr/
PN풍년 스텐 믹서기 SMKANB-4000,"80,000원",둔산동,끌올 3시간 전,판매중,https://www.daangn.com/kr/buy-sell/pn%ED%92%8D%EB%85%84-%EC%8A%A4%ED%85%90-%EB%AF%B9%EC%84%9C%EA%B8%B0-smkanb-4000-m4dg8wdcw7c1/
남아 한복 세트 7호,"25,000원",둔산동,3시간 전,판매중,https://www.daangn.com/kr/buy-sell/%EB%82%A8%EC%95%84-%ED%95%9C%EB%B3%B5-%EC%84%B8%ED%8A%B8-7%ED%98%B8-t6k68masq4kr/
캐나다구스 조끼 패딩 [정품],"300,000원",둔산동,3시간 전,판매중,https://www.daangn.com/kr/buy-sell/%EC%BA%90%EB%82%98%EB%8B%A4%EA%B5%AC%EC%8A%A4-%EC%A1%B0%EB%81%BC-%ED%8C%A8%EB%94%A9-%EC%A0%95%ED%92%88-fgjuug2fob8p/
"오브제 검정 정장 자켓 55, 클래식 기본","45,000원",둔산동,끌올 3시간 전,판매중,https://www.daangn.com/kr/buy-sell/%EC%98%A4%EB%B8%8C%EC%A0%9C-%EA%B2%80%EC%A0%95-%EC%A0%95%EC%9E%A5-%EC%9E%90%EC%BC%93-55-%ED%81%B4%EB%9E%98%EC%8B%9D-%EA%B8%B0%EB%B3%B8-vfyvdrzkkhmc/
보브 샤넬 트위드 55,"40,000원",둔산동,끌올 3시간 전,판매중,https://www.daangn.com/kr/buy-sell/%EB%B3%B4%EB%B8%8C-%EC%83%A4%EB%84%AC-%ED%8A%B8%EC%9C%84%EB%93%9C-55-cz173xv8e9iw/
(새상품/미개봉) 시골기름집 프리미엄 국내산 참기름들기름 선물세트,"40,000원",둔산동,3시간 전,판매중,https://www.daangn.com/kr/buy-sell/%EC%83%88%EC%83%81%ED%92%88-%EB%AF%B8%EA%B0%9C%EB%B4%89-%EC%8B%9C%EA%B3%A8%EA%B8%B0%EB%A6%84%EC%A7%91-%ED%94%84%EB%A6%AC%EB%AF%B8%EC%97%84-%EA%B5%AD%EB%82%B4%EC%82%B0-%EC%B0%B8%EA%B8%B0%EB%A6%84%EB%93%A4%EA%B8%B0%EB%A6%84-%EC%84%A0%EB%AC%BC%EC%84%B8%ED%8A%B8-inmmn22meuw3/
오브제 트위드 자켓 55~66,"105,000원",둔산동,끌올 3시간 전,판매중,https://www.daangn.com/kr/buy-sell/%EC%98%A4%EB%B8%8C%EC%A0%9C-%ED%8A%B8%EC%9C%84%EB%93%9C-%EC%9E%90%EC%BC%93-55-66-mfjt3wizixmi/
(새상품)뉴발란스 W860W13 여성 런닝화235사이즈,"75,000원",둔산동,끌올 3시간 전,판매중,https://www.daangn.com/kr/buy-sell/%EC%83%88%EC%83%81%ED%92%88-%EB%89%B4%EB%B0%9C%EB%9E%80%EC%8A%A4-w860w13-%EC%97%AC%EC%84%B1-%EB%9F%B0%EB%8B%9D%ED%99%94235%EC%82%AC%EC%9D%B4%EC%A6%88-f1o69oei2ncz/
여성 가방,"12,000원",둔산동,끌올 3시간 전,판매중,https://www.daangn.com/kr/buy-sell/%EC%97%AC%EC%84%B1-%EA%B0%80%EB%B0%A9-euat5ba51un2/
R7 골프 여성 언더아머,"19,000원",둔산동,끌올 3시간 전,판매중,https://www.daangn.com/kr/buy-sell/r7-%EA%B3%A8%ED%94%84-%EC%97%AC%EC%84%B1-%EC%96%B8%EB%8D%94%EC%95%84%EB%A8%B8-7fjsbp52q7zo/
노브랜드버거 1만원권 잔액관리형 NBB,"8,500원",둔산동,3시간 전,판매중,https://www.daangn.com/kr/buy-sell/%EB%85%B8%EB%B8%8C%EB%9E%9C%EB%93%9C%EB%B2%84%EA%B1%B0-1%EB%A7%8C%EC%9B%90%EA%B6%8C-%EC%9E%94%EC%95%A1%EA%B4%80%EB%A6%AC%ED%98%95-nbb-z9zdg48ijtbv/
스킨답서스 실버레이디,"7,000원",둔산동,끌올 3시간 전,판매중,https://www.daangn.com/kr/buy-sell/%EC%8A%A4%ED%82%A8%EB%8B%B5%EC%84%9C%EC%8A%A4-%EC%8B%A4%EB%B2%84%EB%A0%88%EC%9D%B4%EB%94%94-2nu8hx9ptcgs/
큐빅 장식 핑크 슬리퍼 240mm,"3,000원",둔산동,끌올 3시간 전,판매중,https://www.daangn.com/kr/buy-sell/%ED%81%90%EB%B9%85-%EC%9E%A5%EC%8B%9D-%ED%95%91%ED%81%AC-%EC%8A%AC%EB%A6%AC%ED%8D%BC-240mm-gm2xxednnp1z/
머렐 옐로우 후드 패딩 s,"8,000원",둔산동,끌올 3시간 전,판매중,https://www.daangn.com/kr/buy-sell/%EB%A8%B8%EB%A0%90-%EC%98%90%EB%A1%9C%EC%9A%B0-%ED%9B%84%EB%93%9C-%ED%8C%A8%EB%94%A9-s-q5hz54rxtkci/
삭소롬(화이트),"7,000원",둔산동,3시간 전,판매중,https://www.daangn.com/kr/buy-sell/%EC%82%AD%EC%86%8C%EB%A1%AC-%ED%99%94%EC%9D%B4%ED%8A%B8-yafw3b3xe4jj/
네파 등산 모자 핑크색,"4,000원",둔산동,끌올 3시간 전,판매중,https://www.daangn.com/kr/buy-sell/%EB%84%A4%ED%8C%8C-%EB%93%B1%EC%82%B0-%EB%AA%A8%EC%9E%90-%ED%95%91%ED%81%AC%EC%83%89-3an6mroympyg/
한샘 칫솔 살균기 HC-3001,"7,000원",둔산동,끌올 3시간 전,판매중,https://www.daangn.com/kr/buy-sell/%ED%95%9C%EC%83%98-%EC%B9%AB%EC%86%94-%EC%82%B4%EA%B7%A0%EA%B8%B0-hc-3001-u4brzf8dnwpr/
에고이스트 자켓 일괄 판매,"10,000원",둔산동,끌올 3시간 전,판매중,https://www.daangn.com/kr/buy-sell/%EC%97%90%EA%B3%A0%EC%9D%B4%EC%8A%A4%ED%8A%B8-%EC%9E%90%EC%BC%93-%EC%9D%BC%EA%B4%84-%ED%8C%90%EB%A7%A4-gkgrcimoixw8/
후지필름 X-T4 XF 18-55mm 렌즈킷 블랙,"1,400,000원",둔산동,끌올 3시간 전,판매중,https://www.daangn.com/kr/buy-sell/%ED%9B%84%EC%A7%80%ED%95%84%EB%A6%84-x-t4-xf-18-55mm-%EB%A0%8C%EC%A6%88%ED%82%B7-%EB%B8%94%EB%9E%99-d71ikvhvmgqb/
치넬리 비고렐리 크롬팀 프레임셋 판매합니다,"400,000원",둔산동,끌올 3시간 전,판매중,https://www.daangn.com/kr/buy-sell/%EC%B9%98%EB%84%AC%EB%A6%AC-%EB%B9%84%EA%B3%A0%EB%A0%90%EB%A6%AC-%ED%81%AC%EB%A1%AC%ED%8C%80-%ED%94%84%EB%A0%88%EC%9E%84%EC%85%8B-%ED%8C%90%EB%A7%A4%ED%95%A9%EB%8B%88%EB%8B%A4-zv8ix8wm34ib/
짚 서비스코스 sl 구형 스템 판매합니다,"80,000원",둔산동,끌올 3시간 전,판매중,https://www.daangn.com/kr/buy-sell/%EC%A7%9A-%EC%84%9C%EB%B9%84%EC%8A%A4%EC%BD%94%EC%8A%A4-sl-%EA%B5%AC%ED%98%95-%EC%8A%A4%ED%85%9C-%ED%8C%90%EB%A7%A4%ED%95%A9%EB%8B%88%EB%8B%A4-dbcc8f7tmtje/
3t 악스 스템+드롭바 핸들셋 판매합니다,"20,000원",둔산동,끌올 3시간 전,판매중,https://www.daangn.com/kr/buy-sell/3t-%EC%95%85%EC%8A%A4-%EC%8A%A4%ED%85%9C-%EB%93%9C%EB%A1%AD%EB%B0%94-%ED%95%B8%EB%93%A4%EC%85%8B-%ED%8C%90%EB%A7%A4%ED%95%A9%EB%8B%88%EB%8B%A4-d4tayywysyaa/
벨로시닷 드롭바 핸들셋 판매합니다,"15,000원",둔산동,끌올 3시간 전,판매중,https://www.daangn.com/kr/buy-sell/%EB%B2%A8%EB%A1%9C%EC%8B%9C%EB%8B%B7-%EB%93%9C%EB%A1%AD%EB%B0%94-%ED%95%B8%EB%93%A4%EC%85%8B-%ED%8C%90%EB%A7%A4%ED%95%A9%EB%8B%88%EB%8B%A4-vz23fs6byyz1/
듀라에이스 7600 크랭크셋 판매합니다,"180,000원",둔산동,끌올 3시간 전,판매중,https://www.daangn.com/kr/buy-sell/%EB%93%80%EB%9D%BC%EC%97%90%EC%9D%B4%EC%8A%A4-7600-%ED%81%AC%EB%9E%AD%ED%81%AC%EC%85%8B-%ED%8C%90%EB%A7%A4%ED%95%A9%EB%8B%88%EB%8B%A4-o2vtf3y1syeo/
피직 안장 판매합니다,"25,000원",둔산동,끌올 3시간 전,판매중,https://www.daangn.com/kr/buy-sell/%ED%94%BC%EC%A7%81-%EC%95%88%EC%9E%A5-%ED%8C%90%EB%A7%A4%ED%95%A9%EB%8B%88%EB%8B%A4-zwre8j3omq1t/
나이키 운동화 235,"50,000원",둔산동,끌올 3시간 전,판매중,https://www.daangn.com/kr/buy-sell/%EB%82%98%EC%9D%B4%ED%82%A4-%EC%9A%B4%EB%8F%99%ED%99%94-235-owvbc249e7f6/
부츠 (235 사이즈),"33,000원",둔산동,끌올 3시간 전,판매중,https://www.daangn.com/kr/buy-sell/%EB%B6%80%EC%B8%A0-235-%EC%82%AC%EC%9D%B4%EC%A6%88-4a3h34qzscj8/
파리바게트 5만원권 잔액관리형 파바,"44,000원",둔산동,3시간 전,판매중,https://www.daangn.com/kr/buy-sell/%ED%8C%8C%EB%A6%AC%EB%B0%94%EA%B2%8C%ED%8A%B8-5%EB%A7%8C%EC%9B%90%EA%B6%8C-%EC%9E%94%EC%95%A1%EA%B4%80%EB%A6%AC%ED%98%95-%ED%8C%8C%EB%B0%94-zddthkefktm9/
톰브라운 니트,"150,000원",둔산동,끌올 3시간 전,판매중,https://www.daangn.com/kr/buy-sell/%ED%86%B0%EB%B8%8C%EB%9D%BC%EC%9A%B4-%EB%8B%88%ED%8A%B8-vbr2zhh4mhnc/
꽃기린 화분,"4,000원",둔산동,끌올 3시간 전,판매중,https://www.daangn.com/kr/buy-sell/%EA%BD%83%EA%B8%B0%EB%A6%B0-%ED%99%94%EB%B6%84-5i8m5c1zm4te/
디올 클러치 [정품],"390,000원",둔산동,3시간 전,판매중,https://www.daangn.com/kr/buy-sell/%EB%94%94%EC%98%AC-%ED%81%B4%EB%9F%AC%EC%B9%98-%EC%A0%95%ED%92%88-jze8nb537b97/
코카콜라 알루미늄컵 2개,"7,000원",둔산동,끌올 3시간 전,판매중,https://www.daangn.com/kr/buy-sell/%EC%BD%94%EC%B9%B4%EC%BD%9C%EB%9D%BC-%EC%95%8C%EB%A3%A8%EB%AF%B8%EB%8A%84%EC%BB%B5-2%EA%B0%9C-hxuyrngbxr6y/
하츄핑 티니핑 실리콘가방,"5,000원",둔산동,끌올 3시간 전,판매중,https://www.daangn.com/kr/buy-sell/%ED%95%98%EC%B8%84%ED%95%91-%ED%8B%B0%EB%8B%88%ED%95%91-%EC%8B%A4%EB%A6%AC%EC%BD%98%EA%B0%80%EB%B0%A9-5nqtruyrdcrv/
디즈니 백설공주 인형,"10,000원",둔산동,끌올 3시간 전,판매중,https://www.daangn.com/kr/buy-sell/%EB%94%94%EC%A6%88%EB%8B%88-%EB%B0%B1%EC%84%A4%EA%B3%B5%EC%A3%BC-%EC%9D%B8%ED%98%95-ttph2md7my15/
피셔프라이스 유아 부스터 의자,"4,000원",둔산동,끌올 3시간 전,판매중,https://www.daangn.com/kr/buy-sell/%ED%94%BC%EC%85%94%ED%94%84%EB%9D%BC%EC%9D%B4%EC%8A%A4-%EC%9C%A0%EC%95%84-%EB%B6%80%EC%8A%A4%ED%84%B0-%EC%9D%98%EC%9E%90-j85axxhmda5w/
아기 데님 멜빵바지,"6,000원",둔산동,3시간 전,판매중,https://www.daangn.com/kr/buy-sell/%EC%95%84%EA%B8%B0-%EB%8D%B0%EB%8B%98-%EB%A9%9C%EB%B9%B5%EB%B0%94%EC%A7%80-f6xkxhufhncz/
테일러메이드 R11 3번 우드,"90,000원",둔산동,끌올 3시간 전,판매중,https://www.daangn.com/kr/buy-sell/%ED%85%8C%EC%9D%BC%EB%9F%AC%EB%A9%94%EC%9D%B4%EB%93%9C-r11-3%EB%B2%88-%EC%9A%B0%EB%93%9C-mdbgsrwq8mtd/
삼성 Portable SSD T5 1TB 외장하드 새제품 (미개봉),"234,000원",둔산동,끌올 3시간 전,판매중,https://www.daangn.com/kr/buy-sell/%EC%82%BC%EC%84%B1-portable-ssd-t5-1tb-%EC%99%B8%EC%9E%A5%ED%95%98%EB%93%9C-%EC%83%88%EC%A0%9C%ED%92%88-%EB%AF%B8%EA%B0%9C%EB%B4%89-zt88rgxxv1tf/
여성 한복 세트,"70,000원",둔산동,끌올 3시간 전,판매중,https://www.daangn.com/kr/buy-sell/%EC%97%AC%EC%84%B1-%ED%95%9C%EB%B3%B5-%EC%84%B8%ED%8A%B8-zwv6rjapoqrq/
흰색 도자기 화분,"6,000원",둔산동,끌올 3시간 전,판매중,https://www.daangn.com/kr/buy-sell/%ED%9D%B0%EC%83%89-%EB%8F%84%EC%9E%90%EA%B8%B0-%ED%99%94%EB%B6%84-i1kokkywyf6m/
오베라는 남자 프레드릭 배크만 장편소설,"3,000원",둔산동,끌올 3시간 전,판매중,https://www.daangn.com/kr/buy-sell/%EC%98%A4%EB%B2%A0%EB%9D%BC%EB%8A%94-%EB%82%A8%EC%9E%90-%ED%94%84%EB%A0%88%EB%93%9C%EB%A6%AD-%EB%B0%B0%ED%81%AC%EB%A7%8C-%EC%9E%A5%ED%8E%B8%EC%86%8C%EC%84%A4-zmtyt73pkph1/
꽃무늬 찻잔 2인조 세트,"35,000원",둔산동,끌올 3시간 전,판매중,https://www.daangn.com/kr/buy-sell/%EA%BD%83%EB%AC%B4%EB%8A%AC-%EC%B0%BB%EC%9E%94-2%EC%9D%B8%EC%A1%B0-%EC%84%B8%ED%8A%B8-hw4xbm3pdazb/
뜨개 비즈 토트백,"12,000원",둔산동,끌올 3시간 전,판매중,https://www.daangn.com/kr/buy-sell/%EB%9C%A8%EA%B0%9C-%EB%B9%84%EC%A6%88-%ED%86%A0%ED%8A%B8%EB%B0%B1-exa31xk8dbso/
베베드피노 호랑이 상하복 세트 100,"18,000원",둔산동,3시간 전,판매중,https://www.daangn.com/kr/buy-sell/%EB%B2%A0%EB%B2%A0%EB%93%9C%ED%94%BC%EB%85%B8-%ED%98%B8%EB%9E%91%EC%9D%B4-%EC%83%81%ED%95%98%EB%B3%B5-%EC%84%B8%ED%8A%B8-100-1rjo1i7fbs7q/
과일컵 아이스크림컵 투명컵,"10,000원",둔산동,끌올 3시간 전,판매중,https://www.daangn.com/kr/buy-sell/%EA%B3%BC%EC%9D%BC%EC%BB%B5-%EC%95%84%EC%9D%B4%EC%8A%A4%ED%81%AC%EB%A6%BC%EC%BB%B5-%ED%88%AC%EB%AA%85%EC%BB%B5-f7kw1ewemngb/
겐조 옴므 EDT 110ml 향수,"45,000원",둔산동,3시간 전,판매중,https://www.daangn.com/kr/buy-sell/%EA%B2%90%EC%A1%B0-%EC%98%B4%EB%AF%80-edt-110ml-%ED%96%A5%EC%88%98-cagkofwar4hg/
(새상품)네코이와이 아기 뽀글이슈즈,"10,000원",둔산동,3시간 전,판매중,https://www.daangn.com/kr/buy-sell/%EC%83%88%EC%83%81%ED%92%88-%EB%84%A4%EC%BD%94%EC%9D%B4%EC%99%80%EC%9D%B4-%EC%95%84%EA%B8%B0-%EB%BD%80%EA%B8%80%EC%9D%B4%EC%8A%88%EC%A6%88-zh1rvu2bkcmz/
(새상품) 네코이와이 뽀글이슈즈 140,"10,000원",둔산동,3시간 전,판매중,https://www.daangn.com/kr/buy-sell/%EC%83%88%EC%83%81%ED%92%88-%EB%84%A4%EC%BD%94%EC%9D%B4%EC%99%80%EC%9D%B4-%EB%BD%80%EA%B8%80%EC%9D%B4%EC%8A%88%EC%A6%88-140-iuifsaeakt29/
(새상품)네코이와이 아기 슈즈 140,"15,000원",둔산동,3시간 전,판매중,https://www.daangn.com/kr/buy-sell/%EC%83%88%EC%83%81%ED%92%88-%EB%84%A4%EC%BD%94%EC%9D%B4%EC%99%80%EC%9D%B4-%EC%95%84%EA%B8%B0-%EC%8A%88%EC%A6%88-140-h4s1cd3x82yo/
미니로디니 110,"15,000원",둔산동,끌올 3시간 전,판매중,https://www.daangn.com/kr/buy-sell/%EB%AF%B8%EB%8B%88%EB%A1%9C%EB%94%94%EB%8B%88-110-a1m8wykjr5b8/
무신사 스탠다드 스모크 오우드 EDP 50ml,"20,000원",둔산동,3시간 전,판매중,https://www.daangn.com/kr/buy-sell/%EB%AC%B4%EC%8B%A0%EC%82%AC-%EC%8A%A4%ED%83%A0%EB%8B%A4%EB%93%9C-%EC%8A%A4%EB%AA%A8%ED%81%AC-%EC%98%A4%EC%9A%B0%EB%93%9C-edp-50ml-9skrwpx7hehh/
베베드피노 110(새상품),"26,000원",둔산동,끌올 3시간 전,판매중,https://www.daangn.com/kr/buy-sell/%EB%B2%A0%EB%B2%A0%EB%93%9C%ED%94%BC%EB%85%B8-110-%EC%83%88%EC%83%81%ED%92%88-admu19ygiuqx/
로스코 MA-1 블랙 항공점퍼 M,"29,000원",둔산동,끌올 3시간 전,판매중,https://www.daangn.com/kr/buy-sell/%EB%A1%9C%EC%8A%A4%EC%BD%94-ma-1-%EB%B8%94%EB%9E%99-%ED%95%AD%EA%B3%B5%EC%A0%90%ED%8D%BC-m-3wtqjzdomxqc/
디스이즈네버댓 블랙 맨투맨,"19,000원",둔산동,끌올 3시간 전,판매중,https://www.daangn.com/kr/buy-sell/%EB%94%94%EC%8A%A4%EC%9D%B4%EC%A6%88%EB%84%A4%EB%B2%84%EB%8C%93-%EB%B8%94%EB%9E%99-%EB%A7%A8%ED%88%AC%EB%A7%A8-eukxmmvk3zkz/
컨버스 척테일러 블랙 하이,"19,000원",둔산동,끌올 3시간 전,판매중,https://www.daangn.com/kr/buy-sell/%EC%BB%A8%EB%B2%84%EC%8A%A4-%EC%B2%99%ED%85%8C%EC%9D%BC%EB%9F%AC-%EB%B8%94%EB%9E%99-%ED%95%98%EC%9D%B4-ehrbdh62drmu/
JONY 블랙 여행용 캐리어 24인치,"35,000원",둔산동,3시간 전,판매중,https://www.daangn.com/kr/buy-sell/jony-%EB%B8%94%EB%9E%99-%EC%97%AC%ED%96%89%EC%9A%A9-%EC%BA%90%EB%A6%AC%EC%96%B4-24%EC%9D%B8%EC%B9%98-e42ixoi8siia/
마법천자문 총 30권 판매합니다.,"100,000원",둔산동,끌올 3시간 전,판매중,https://www.daangn.com/kr/buy-sell/%EB%A7%88%EB%B2%95%EC%B2%9C%EC%9E%90%EB%AC%B8-%EC%B4%9D-30%EA%B6%8C-%ED%8C%90%EB%A7%A4%ED%95%A9%EB%8B%88%EB%8B%A4-ib3ddesceu38/
매그너스 올레센 체어 / magnus olesen,"400,000원",둔산동,끌올 3시간 전,판매중,https://www.daangn.com/kr/buy-sell/%EB%A7%A4%EA%B7%B8%EB%84%88%EC%8A%A4-%EC%98%AC%EB%A0%88%EC%84%BC-%EC%B2%B4%EC%96%B4-magnus-olesen-kgekp8wzyrah/
(옷장정리)파사드패턴 레더하프코트,"150,000원",둔산동,3시간 전,판매중,https://www.daangn.com/kr/buy-sell/%EC%98%B7%EC%9E%A5%EC%A0%95%EB%A6%AC-%ED%8C%8C%EC%82%AC%EB%93%9C%ED%8C%A8%ED%84%B4-%EB%A0%88%EB%8D%94%ED%95%98%ED%94%84%EC%BD%94%ED%8A%B8-4rok36hb1cjc/
프라다 화이트 니트 여성 55,"150,000원",둔산동,3시간 전,판매중,https://www.daangn.com/kr/buy-sell/%ED%94%84%EB%9D%BC%EB%8B%A4-%ED%99%94%EC%9D%B4%ED%8A%B8-%EB%8B%88%ED%8A%B8-%EC%97%AC%EC%84%B1-55-n7oqrq7rdje1/
멜리코코 유아 상하복세트,"8,000원",둔산동,끌올 3시간 전,판매중,https://www.daangn.com/kr/buy-sell/%EB%A9%9C%EB%A6%AC%EC%BD%94%EC%BD%94-%EC%9C%A0%EC%95%84-%EC%83%81%ED%95%98%EB%B3%B5%EC%84%B8%ED%8A%B8-hrbz8xdv5esw/
한국타이어 Ventus S1 AS 타이어 4짝 28만원,"280,000원",둔산동,끌올 3시간 전,판매중,https://www.daangn.com/kr/buy-sell/%ED%95%9C%EA%B5%AD%ED%83%80%EC%9D%B4%EC%96%B4-ventus-s1-as-%ED%83%80%EC%9D%B4%EC%96%B4-4%EC%A7%9D-28%EB%A7%8C%EC%9B%90-v7fgqy1txuvv/
일광 IK-530 바닥 건조기 일광 플로어 드라이어 ik530 바닥 건조기 바닥말림 미개봉 새상품 새제품,"100,000원",둔산동,끌올 3시간 전,판매중,https://www.daangn.com/kr/buy-sell/%EC%9D%BC%EA%B4%91-ik-530-%EB%B0%94%EB%8B%A5-%EA%B1%B4%EC%A1%B0%EA%B8%B0-%EC%9D%BC%EA%B4%91-%ED%94%8C%EB%A1%9C%EC%96%B4-%EB%93%9C%EB%9D%BC%EC%9D%B4%EC%96%B4-ik530-%EB%B0%94%EB%8B%A5-%EA%B1%B4%EC%A1%B0%EA%B8%B0-%EB%B0%94%EB%8B%A5%EB%A7%90%EB%A6%BC-%EB%AF%B8%EA%B0%9C%EB%B4%89-%EC%83%88%EC%83%81%ED%92%88-%EC%83%88%EC%A0%9C%ED%92%88-fqgj56nm3iek/
일본 곰돌이 코위찬🐻,"99,000원",둔산동,끌올 3시간 전,판매중,https://www.daangn.com/kr/buy-sell/%EC%9D%BC%EB%B3%B8-%EA%B3%B0%EB%8F%8C%EC%9D%B4-%EC%BD%94%EC%9C%84%EC%B0%AC-4zp6t9gepu6e/
브라운 시리즈8 스테이션 셋 팝니다.,"113,000원",둔산동,끌올 3시간 전,판매중,https://www.daangn.com/kr/buy-sell/%EB%B8%8C%EB%9D%BC%EC%9A%B4-%EC%8B%9C%EB%A6%AC%EC%A6%888-%EC%8A%A4%ED%85%8C%EC%9D%B4%EC%85%98-%EC%85%8B-%ED%8C%9D%EB%8B%88%EB%8B%A4-q1mz38gut4qq/
고사리 다바나,"48,000원",둔산동,3시간 전,판매중,https://www.daangn.com/kr/buy-sell/%EA%B3%A0%EC%82%AC%EB%A6%AC-%EB%8B%A4%EB%B0%94%EB%82%98-t9jg6q6uma75/
시공주니어 마틸다 와 로날드 달,"10,000원",둔산동,끌올 3시간 전,판매중,https://www.daangn.com/kr/buy-sell/%EC%8B%9C%EA%B3%B5%EC%A3%BC%EB%8B%88%EC%96%B4-%EB%A7%88%ED%8B%B8%EB%8B%A4-%EC%99%80-%EB%A1%9C%EB%82%A0%EB%93%9C-%EB%8B%AC-6x4ekr154zhp/
정품 신세계백화점 구매 셀린느 여성 모자 M사이즈 팝니다 !!,"400,000원",둔산동,끌올 3시간 전,판매중,https://www.daangn.com/kr/buy-sell/%EC%A0%95%ED%92%88-%EC%8B%A0%EC%84%B8%EA%B3%84%EB%B0%B1%ED%99%94%EC%A0%90-%EA%B5%AC%EB%A7%A4-%EC%85%80%EB%A6%B0%EB%8A%90-%EC%97%AC%EC%84%B1-%EB%AA%A8%EC%9E%90-m%EC%82%AC%EC%9D%B4%EC%A6%88-%ED%8C%9D%EB%8B%88%EB%8B%A4-rxtsyyd9gg98/
클리브랜드 CG ONE 웨지 54도,"55,000원",둔산동,3시간 전,판매중,https://www.daangn.com/kr/buy-sell/%ED%81%B4%EB%A6%AC%EB%B8%8C%EB%9E%9C%EB%93%9C-cg-one-%EC%9B%A8%EC%A7%80-54%EB%8F%84-xduiixs3x97h/
팜) 애플 정품 에어팟 2세대 풀박스,"38,000원",둔산동,끌올 3시간 전,판매중,https://www.daangn.com/kr/buy-sell/%ED%8C%9C-%EC%95%A0%ED%94%8C-%EC%A0%95%ED%92%88-%EC%97%90%EC%96%B4%ED%8C%9F-2%EC%84%B8%EB%8C%80-%ED%92%80%EB%B0%95%EC%8A%A4-di3zg9eqjp58/
코카콜라 맥도날드 60주년 기념 잔 5개,"20,000원",둔산동,끌올 3시간 전,판매중,https://www.daangn.com/kr/buy-sell/%EC%BD%94%EC%B9%B4%EC%BD%9C%EB%9D%BC-%EB%A7%A5%EB%8F%84%EB%82%A0%EB%93%9C-60%EC%A3%BC%EB%85%84-%EA%B8%B0%EB%85%90-%EC%9E%94-5%EA%B0%9C-8sk9xw76us3s/
유아용 2단 발판,"3,000원",둔산동,끌올 3시간 전,판매중,https://www.daangn.com/kr/buy-sell/%EC%9C%A0%EC%95%84%EC%9A%A9-2%EB%8B%A8-%EB%B0%9C%ED%8C%90-sctre6no77qn/
마스터바니 화이트 여성벨트(미사용),"55,000원",둔산동,끌올 3시간 전,판매중,https://www.daangn.com/kr/buy-sell/%EB%A7%88%EC%8A%A4%ED%84%B0%EB%B0%94%EB%8B%88-%ED%99%94%EC%9D%B4%ED%8A%B8-%EC%97%AC%EC%84%B1%EB%B2%A8%ED%8A%B8-%EB%AF%B8%EC%82%AC%EC%9A%A9-f48jv2vxyzqp/
혼다 전기 자전거 구ㅕ,"50,000원",둔산동,3시간 전,판매중,https://www.daangn.com/kr/buy-sell/%ED%98%BC%EB%8B%A4-%EC%A0%84%EA%B8%B0-%EC%9E%90%EC%A0%84%EA%B1%B0-%EA%B5%AC-2ro8h1ajhqd2/
페리게이츠 파인애플 반바지 여성 1,"45,000원",둔산동,끌올 3시간 전,판매중,https://www.daangn.com/kr/buy-sell/%ED%8E%98%EB%A6%AC%EA%B2%8C%EC%9D%B4%EC%B8%A0-%ED%8C%8C%EC%9D%B8%EC%95%A0%ED%94%8C-%EB%B0%98%EB%B0%94%EC%A7%80-%EC%97%AC%EC%84%B1-1-96ojeqidpf1x/
미즈노 RV 퍼터-미사용. 미개봉,"38,000원",둔산동,끌올 3시간 전,판매중,https://www.daangn.com/kr/buy-sell/%EB%AF%B8%EC%A6%88%EB%85%B8-rv-%ED%8D%BC%ED%84%B0-%EB%AF%B8%EC%82%AC%EC%9A%A9-%EB%AF%B8%EA%B0%9C%EB%B4%89-rgw95u44nd6p/
본베베 접이식 아기 욕조 + 의자 세트,"28,000원",둔산동,3시간 전,판매중,https://www.daangn.com/kr/buy-sell/%EB%B3%B8%EB%B2%A0%EB%B2%A0-%EC%A0%91%EC%9D%B4%EC%8B%9D-%EC%95%84%EA%B8%B0-%EC%9A%95%EC%A1%B0-%EC%9D%98%EC%9E%90-%EC%84%B8%ED%8A%B8-qmpi5k6g4aj6/
때올비 3세부터보는 수학동화 전집 30권,"5,000원",둔산동,끌올 3시간 전,판매중,https://www.daangn.com/kr/buy-sell/%EB%95%8C%EC%98%AC%EB%B9%84-3%EC%84%B8%EB%B6%80%ED%84%B0%EB%B3%B4%EB%8A%94-%EC%88%98%ED%95%99%EB%8F%99%ED%99%94-%EC%A0%84%EC%A7%91-30%EA%B6%8C-tq8im52z1z35/
속옷등,나눔,둔산동,3시간 전,판매중,https://www.daangn.com/kr/buy-sell/%EC%86%8D%EC%98%B7%EB%93%B1-c99hsygdkpzq/
갤럭시탭 s10울트라 / s9울트라 삼성 정품 키보드케이스,"160,000원",둔산동,3시간 전,판매중,https://www.daangn.com/kr/buy-sell/%EA%B0%A4%EB%9F%AD%EC%8B%9C%ED%83%AD-s10%EC%9A%B8%ED%8A%B8%EB%9D%BC-s9%EC%9A%B8%ED%8A%B8%EB%9D%BC-%EC%82%BC%EC%84%B1-%EC%A0%95%ED%92%88-%ED%82%A4%EB%B3%B4%EB%93%9C%EC%BC%80%EC%9D%B4%EC%8A%A4-kj4qf7wfwt41/
"새상품) 포켓몬 토게피 에어팟 1,2세대 케이스","3,000원",둔산동,끌올 3시간 전,판매중,https://www.daangn.com/kr/buy-sell/%EC%83%88%EC%83%81%ED%92%88-%ED%8F%AC%EC%BC%93%EB%AA%AC-%ED%86%A0%EA%B2%8C%ED%94%BC-%EC%97%90%EC%96%B4%ED%8C%9F-1-2%EC%84%B8%EB%8C%80-%EC%BC%80%EC%9D%B4%EC%8A%A4-nto7yqx6jn79/
55사이즈 연분홍 니트조끼 /귀엽고 상큼해요,"6,000원",둔산동,끌올 3시간 전,판매중,https://www.daangn.com/kr/buy-sell/55%EC%82%AC%EC%9D%B4%EC%A6%88-%EC%97%B0%EB%B6%84%ED%99%8D-%EB%8B%88%ED%8A%B8%EC%A1%B0%EB%81%BC-%EA%B7%80%EC%97%BD%EA%B3%A0-%EC%83%81%ED%81%BC%ED%95%B4%EC%9A%94-f3yf77vgypsu/
새상품) 미지근샤워 암오케 그립톡,"6,000원",둔산동,끌올 3시간 전,판매중,https://www.daangn.com/kr/buy-sell/%EC%83%88%EC%83%81%ED%92%88-%EB%AF%B8%EC%A7%80%EA%B7%BC%EC%83%A4%EC%9B%8C-%EC%95%94%EC%98%A4%EC%BC%80-%EA%B7%B8%EB%A6%BD%ED%86%A1-k7zxvwafqi11/
미개봉) 짤랑이 투명 원형 데코덴 그립톡,"5,000원",둔산동,끌올 3시간 전,판매중,https://www.daangn.com/kr/buy-sell/%EB%AF%B8%EA%B0%9C%EB%B4%89-%EC%A7%A4%EB%9E%91%EC%9D%B4-%ED%88%AC%EB%AA%85-%EC%9B%90%ED%98%95-%EB%8D%B0%EC%BD%94%EB%8D%B4-%EA%B7%B8%EB%A6%BD%ED%86%A1-msm3iy1ypan7/
EBS 오늘도 펭수 내일도 펭수 만년다이어리,"4,000원",둔산동,끌올 3시간 전,판매중,https://www.daangn.com/kr/buy-sell/ebs-%EC%98%A4%EB%8A%98%EB%8F%84-%ED%8E%AD%EC%88%98-%EB%82%B4%EC%9D%BC%EB%8F%84-%ED%8E%AD%EC%88%98-%EB%A7%8C%EB%85%84%EB%8B%A4%EC%9D%B4%EC%96%B4%EB%A6%AC-j2ddxoyiyo9d/
새상품)핸드메이드 리본 투명 집게핀,"5,000원",둔산동,끌올 3시간 전,판매중,https://www.daangn.com/kr/buy-sell/%EC%83%88%EC%83%81%ED%92%88-%ED%95%B8%EB%93%9C%EB%A9%94%EC%9D%B4%EB%93%9C-%EB%A6%AC%EB%B3%B8-%ED%88%AC%EB%AA%85-%EC%A7%91%EA%B2%8C%ED%95%80-747k7zm3o8zg/
프뢰벨 읽기프로그램 글자버스 낱말카드 한글 학습 교구,"9,000원",둔산동,끌올 3시간 전,판매중,https://www.daangn.com/kr/buy-sell/%ED%94%84%EB%A2%B0%EB%B2%A8-%EC%9D%BD%EA%B8%B0%ED%94%84%EB%A1%9C%EA%B7%B8%EB%9E%A8-%EA%B8%80%EC%9E%90%EB%B2%84%EC%8A%A4-%EB%82%B1%EB%A7%90%EC%B9%B4%EB%93%9C-%ED%95%9C%EA%B8%80-%ED%95%99%EC%8A%B5-%EA%B5%90%EA%B5%AC-3rn1gf8s9a1o/
다이닛 로고 캡모자,"20,000원",둔산동,3시간 전,판매중,https://www.daangn.com/kr/buy-sell/%EB%8B%A4%EC%9D%B4%EB%8B%9B-%EB%A1%9C%EA%B3%A0-%EC%BA%A1%EB%AA%A8%EC%9E%90-cer8n579rk1t/
"탄소매트 퀸사이즈(분리하여 세탁 가능), 전기장판","13,000원",둔산동,끌올 3시간 전,판매중,https://www.daangn.com/kr/buy-sell/%ED%83%84%EC%86%8C%EB%A7%A4%ED%8A%B8-%ED%80%B8%EC%82%AC%EC%9D%B4%EC%A6%88-%EB%B6%84%EB%A6%AC%ED%95%98%EC%97%AC-%EC%84%B8%ED%83%81-%EA%B0%80%EB%8A%A5-%EC%A0%84%EA%B8%B0%EC%9E%A5%ED%8C%90-34mbthsoj76j/
발란스핏 압박스타킹 S(허벅지형) + 알자토 압박스타킹 S(종아리형) 새상품,"34,000원",둔산동,끌올 3시간 전,판매중,https://www.daangn.com/kr/buy-sell/%EB%B0%9C%EB%9E%80%EC%8A%A4%ED%95%8F-%EC%95%95%EB%B0%95%EC%8A%A4%ED%83%80%ED%82%B9-s-%ED%97%88%EB%B2%85%EC%A7%80%ED%98%95-%EC%95%8C%EC%9E%90%ED%86%A0-%EC%95%95%EB%B0%95%EC%8A%A4%ED%83%80%ED%82%B9-s-%EC%A2%85%EC%95%84%EB%A6%AC%ED%98%95-%EC%83%88%EC%83%81%ED%92%88-ead46frn4g6a/
반려동물 자동 급수기 필터 4개,나눔,둔산동,끌올 3시간 전,판매중,https://www.daangn.com/kr/buy-sell/%EB%B0%98%EB%A0%A4%EB%8F%99%EB%AC%BC-%EC%9E%90%EB%8F%99-%EA%B8%89%EC%88%98%EA%B8%B0-%ED%95%84%ED%84%B0-4%EA%B0%9C-wjesmhdu79ms/
비비안웨스트우드 진주 목걸이 풀박스,"152,000원",둔산동,끌올 3시간 전,판매중,https://www.daangn.com/kr/buy-sell/%EB%B9%84%EB%B9%84%EC%95%88%EC%9B%A8%EC%8A%A4%ED%8A%B8%EC%9A%B0%EB%93%9C-%EC%A7%84%EC%A3%BC-%EB%AA%A9%EA%B1%B8%EC%9D%B4-%ED%92%80%EB%B0%95%EC%8A%A4-kih9rxqn3r6a/
"[롯데리아] 데리버거 기프티콘(3,700원 상당)","2,300원",둔산동,3시간 전,판매중,https://www.daangn.com/kr/buy-sell/%EB%A1%AF%EB%8D%B0%EB%A6%AC%EC%95%84-%EB%8D%B0%EB%A6%AC%EB%B2%84%EA%B1%B0-%EA%B8%B0%ED%94%84%ED%8B%B0%EC%BD%98-3-700%EC%9B%90-%EC%83%81%EB%8B%B9-jvacdff8kemt/
선물세트(특별한 선택 N호)입니다,"22,000원",둔산동,끌올 3시간 전,판매중,https://www.daangn.com/kr/buy-sell/%EC%84%A0%EB%AC%BC%EC%84%B8%ED%8A%B8-%ED%8A%B9%EB%B3%84%ED%95%9C-%EC%84%A0%ED%83%9D-n%ED%98%B8-%EC%9E%85%EB%8B%88%EB%8B%A4-5zw5fwes6ww5/
업소용 냉장 쇼케이스,"400,000원",둔산동,끌올 3시간 전,판매중,https://www.daangn.com/kr/buy-sell/%EC%97%85%EC%86%8C%EC%9A%A9-%EB%83%89%EC%9E%A5-%EC%87%BC%EC%BC%80%EC%9D%B4%EC%8A%A4-nt2zqbbktzmz/
굴뚝빵기계,"350,000원",둔산동,3시간 전,판매중,https://www.daangn.com/kr/buy-sell/%EA%B5%B4%EB%9A%9D%EB%B9%B5%EA%B8%B0%EA%B3%84-p4itey8qn29m/
크롭 자켓/블레이저/트랙탑/패딩,"4,000원",둔산동,끌올 3시간 전,판매중,https://www.daangn.com/kr/buy-sell/%ED%81%AC%EB%A1%AD-%EC%9E%90%EC%BC%93-%EB%B8%94%EB%A0%88%EC%9D%B4%EC%A0%80-%ED%8A%B8%EB%9E%99%ED%83%91-%ED%8C%A8%EB%94%A9-gffaztzktbew/
무가당 칼리바우트 카카오 파우더25kg,"690,000원",둔산동,끌올 3시간 전,판매중,https://www.daangn.com/kr/buy-sell/%EB%AC%B4%EA%B0%80%EB%8B%B9-%EC%B9%BC%EB%A6%AC%EB%B0%94%EC%9A%B0%ED%8A%B8-%EC%B9%B4%EC%B9%B4%EC%98%A4-%ED%8C%8C%EC%9A%B0%EB%8D%9425kg-48iqg7dck8dx/
인테리어 빨간 공중전화 부스 인테리어 장식,"300,000원",둔산동,3시간 전,판매중,https://www.daangn.com/kr/buy-sell/%EC%9D%B8%ED%85%8C%EB%A6%AC%EC%96%B4-%EB%B9%A8%EA%B0%84-%EA%B3%B5%EC%A4%91%EC%A0%84%ED%99%94-%EB%B6%80%EC%8A%A4-%EC%9D%B8%ED%85%8C%EB%A6%AC%EC%96%B4-%EC%9E%A5%EC%8B%9D-p8afjzaduxg2/
우녹스 샵프로2024연식 BAKERLUX SHOP.Pro 오븐 XEFR-04HS,"1,300,000원",둔산동,3시간 전,판매중,https://www.daangn.com/kr/buy-sell/%EC%9A%B0%EB%85%B9%EC%8A%A4-%EC%83%B5%ED%94%84%EB%A1%9C2024%EC%97%B0%EC%8B%9D-bakerlux-shop-pro-%EC%98%A4%EB%B8%90-xefr-04hs-yo79uk254j9x/
슈어(Shure) SE-215 BT 무선이어폰,"40,000원",둔산동,끌올 3시간 전,판매중,https://www.daangn.com/kr/buy-sell/%EC%8A%88%EC%96%B4-shure-se-215-bt-%EB%AC%B4%EC%84%A0%EC%9D%B4%EC%96%B4%ED%8F%B0-fbqnz8sg83jv/
